id,name,position,team,prob_injury,starts,starts_perc,starts_per_90,minutes,selected_by_percent,ep_next,now_cost,gw
321,Gakpo,FWD,LIV,0.0,14,0.3684210526315789,1.03,1224,21.1,14.5,7.6,24
348,Foden,MID,MCI,0.0,14,0.3684210526315789,0.98,1291,8.5,12.2,9.3,24
328,M.Salah,MID,LIV,0.0,22,0.5789473684210527,1.02,1943,71.2,11.5,13.7,24
71,Kluivert,MID,BOU,0.0,18,0.47368421052631576,1.13,1438,15.0,11.0,5.7,24
311,Alexander-Arnold,DEF,LIV,0.0,20,0.5263157894736842,1.08,1664,33.4,10.5,7.3,24
329,Mac Allister,MID,LIV,0.0,19,0.5,1.09,1569,2.0,10.5,6.2,24
401,Isak,FWD,NEW,0.0,21,0.5526315789473685,1.11,1710,60.8,10.0,9.5,24
336,Szoboszlai,MID,LIV,0.0,15,0.39473684210526316,0.99,1363,2.6,9.9,6.3,24
744,Slot,,LIV,0.0,0,0.0,0.0,0,46.3,9.5,1.5,24
232,Ndiaye,FWD,EVE,0.0,20,0.5263157894736842,1.02,1760,5.4,8.6,5.5,24
364,Amad,MID,MUN,0.0,16,0.42105263157894735,0.96,1501,23.6,8.5,5.6,24
310,A.Becker,GKP,LIV,0.0,14,0.3684210526315789,1.01,1248,9.0,8.5,5.5,24
326,Konaté,DEF,LIV,0.0,15,0.39473684210526316,1.03,1309,6.7,8.5,5.2,24
447,C. Wood,FWD,NOT,0.0,22,0.5789473684210527,1.08,1833,41.2,8.3,7.1,24
351,Haaland,FWD,MCI,0.0,23,0.6052631578947368,1.02,2034,28.2,8.2,14.7,24
207,Mateta,FWD,CRY,0.0,21,0.5526315789473685,1.07,1769,5.6,7.8,7.4,24
99,Mbeumo,MID,BRE,0.0,23,0.6052631578947368,1.0,2065,34.4,7.5,7.9,24
222,Gana,MID,EVE,0.0,19,0.5,1.03,1666,0.8,7.4,4.8,24
339,Virgil,DEF,LIV,0.0,22,0.5789473684210527,1.0,1980,22.7,7.1,6.4,24
74,O.Dango,MID,BOU,0.0,11,0.2894736842105263,0.86,1145,1.1,7.0,5.0,24
78,Semenyo,MID,BOU,0.0,22,0.5789473684210527,1.03,1926,6.7,6.7,5.6,24
182,Palmer,MID,CHE,0.0,23,0.6052631578947368,1.03,2011,64.8,6.5,11.3,24
323,Gravenberch,MID,LIV,0.0,22,0.5789473684210527,1.04,1895,0.8,6.5,5.0,24
200,Guéhi,DEF,CRY,0.0,22,0.5789473684210527,1.0,1980,7.7,6.5,4.6,24
398,Gordon,MID,NEW,0.0,21,0.5526315789473685,1.07,1765,24.4,6.3,7.7,24
394,Bruno G.,MID,NEW,0.0,23,0.6052631578947368,1.03,2003,2.4,6.3,6.1,24
345,De Bruyne,MID,MCI,0.0,11,0.2894736842105263,1.0,987,4.2,6.2,9.4,24
23,Trossard,MID,ARS,0.0,15,0.39473684210526316,0.99,1368,2.4,6.0,6.8,24
70,Kerkez,DEF,BOU,0.0,23,0.6052631578947368,1.04,1997,10.1,6.0,4.9,24
337,Tsimikas,DEF,LIV,0.0,3,0.07894736842105263,0.8,337,0.2,5.9,4.6,24
58,Watkins,FWD,AST,0.0,19,0.5,1.07,1594,17.0,5.8,8.9,24
380,L. Martinez,DEF,MUN,0.0,19,0.5,1.02,1670,3.8,5.8,4.4,24
136,Mitoma,MID,BRI,0.0,20,0.5263157894736842,0.98,1842,5.5,5.7,6.3,24
316,Darwin,FWD,LIV,0.25,7,0.18421052631578946,0.79,796,2.1,5.6,7.0,24
366,B.Fernandes,MID,MUN,0.0,22,0.5789473684210527,1.08,1835,9.4,5.5,8.3,24
327,Luis Díaz,MID,LIV,0.0,16,0.42105263157894735,1.08,1335,18.2,5.5,7.5,24
177,Madueke,MID,CHE,0.0,17,0.4473684210526316,1.12,1369,4.5,5.3,6.1,24
110,Wissa,FWD,BRE,0.0,19,0.5,1.09,1571,10.6,5.2,6.3,24
106,Schade,MID,BRE,0.0,11,0.2894736842105263,0.93,1063,0.6,5.2,5.1,24
235,Pickford,GKP,EVE,0.0,22,0.5789473684210527,1.0,1980,17.2,5.0,5.1,24
219,Branthwaite,DEF,EVE,0.0,13,0.34210526315789475,0.99,1176,1.5,5.0,4.8,24
236,Tarkowski,DEF,EVE,0.0,22,0.5789473684210527,1.0,1971,2.2,5.0,4.8,24
396,Dúbravka,GKP,NEW,0.0,8,0.21052631578947367,1.0,720,3.3,5.0,4.3,24
354,Kovačić,MID,MCI,0.0,17,0.4473684210526316,1.05,1453,1.2,4.8,5.4,24
432,Elanga,MID,NOT,0.0,17,0.4473684210526316,1.12,1365,5.9,4.7,5.3,24
231,Mykolenko,DEF,EVE,0.0,20,0.5263157894736842,1.04,1735,8.1,4.6,4.4,24
571,Savinho,MID,MCI,0.0,13,0.34210526315789475,1.09,1077,2.9,4.5,6.4,24
433,Gibbs-White,MID,NOT,0.0,19,0.5,1.14,1500,4.2,4.5,6.4,24
335,Robertson,DEF,LIV,0.0,19,0.5,1.1,1558,4.4,4.5,5.9,24
247,Iwobi,MID,FUL,0.0,23,0.6052631578947368,1.07,1941,6.6,4.5,5.8,24
417,Tonali,MID,NEW,0.0,14,0.3684210526315789,0.92,1367,0.5,4.5,5.5,24
306,Vardy,FWD,LEI,0.0,21,0.5526315789473685,1.1,1717,5.7,4.5,5.4,24
319,Elliott,MID,LIV,0.0,0,0.0,0.0,75,0.2,4.5,5.2,24
402,J.Murphy,MID,NEW,0.0,16,0.42105263157894735,1.15,1251,4.9,4.5,5.1,24
89,Damsgaard,MID,BRE,0.0,20,0.5263157894736842,1.06,1702,1.4,4.5,5.0,24
211,Muñoz,DEF,CRY,0.0,22,0.5789473684210527,1.05,1894,6.4,4.5,4.8,24
740,Maresca,,CHE,0.0,0,0.0,0.0,0,0.9,4.5,1.5,24
746,Howe,,NEW,0.0,0,0.0,0.0,0,0.7,4.5,1.5,24
350,Gvardiol,DEF,MCI,0.0,21,0.5526315789473685,0.98,1932,18.9,4.2,5.9,24
53,Ramsey,MID,AST,0.0,10,0.2631578947368421,0.94,953,0.3,4.2,5.4,24
650,Lacroix,DEF,CRY,0.0,20,0.5263157894736842,1.0,1800,0.5,4.2,4.5,24
317,Diogo J.,MID,LIV,0.25,7,0.18421052631578946,1.01,622,2.5,4.1,7.2,24
252,Raúl,FWD,FUL,0.0,18,0.47368421052631576,1.12,1445,9.0,4.0,5.6,24
255,Robinson,DEF,FUL,0.0,23,0.6052631578947368,1.0,2070,25.7,4.0,5.1,24
399,Hall,DEF,NEW,0.0,20,0.5263157894736842,0.98,1832,26.7,4.0,5.1,24
98,Lewis-Potter,MID,BRE,0.0,21,0.5526315789473685,1.03,1827,0.1,4.0,5.0,24
423,Anderson,MID,NOT,0.0,18,0.47368421052631576,1.1,1467,0.3,4.0,5.0,24
443,Sels,GKP,NOT,0.0,23,0.6052631578947368,1.0,2070,17.5,4.0,5.0,24
172,James,DEF,CHE,0.0,5,0.13157894736842105,1.07,422,0.7,4.0,4.8,24
201,Henderson,GKP,CRY,0.0,23,0.6052631578947368,1.0,2070,12.1,4.0,4.5,24
735,Arteta,,ARS,0.0,0,0.0,0.0,0,1.3,4.0,1.5,24
736,Guardiola,,MCI,0.0,0,0.0,0.0,0,1.7,4.0,1.5,24
492,Kulusevski,MID,TOT,0.0,21,0.5526315789473685,1.02,1858,5.6,3.8,6.4,24
347,Ederson M.,GKP,MCI,0.0,15,0.39473684210526316,1.0,1350,4.7,3.8,5.3,24
210,Mitchell,DEF,CRY,0.0,23,0.6052631578947368,1.03,2002,1.9,3.8,4.8,24
635,El Khannouss,MID,LEI,0.0,13,0.34210526315789475,1.17,1000,0.2,3.8,4.8,24
88,Collins,DEF,BRE,0.0,23,0.6052631578947368,1.0,2070,2.1,3.8,4.5,24
91,Flekken,GKP,BRE,0.0,23,0.6052631578947368,1.03,2015,9.0,3.8,4.4,24
194,C.Richards,DEF,CRY,0.0,10,0.2631578947368421,1.02,886,0.1,3.8,4.4,24
180,N.Jackson,FWD,CHE,0.0,21,0.5526315789473685,1.12,1684,11.9,3.7,7.8,24
422,Aina,DEF,NOT,0.0,23,0.6052631578947368,1.04,1991,29.1,3.7,5.4,24
163,Cucurella,DEF,CHE,0.0,19,0.5,1.0,1715,6.3,3.7,5.1,24
436,Murillo,DEF,NOT,0.0,22,0.5789473684210527,1.01,1957,3.7,3.7,4.7,24
268,Delap,FWD,IPS,0.0,21,0.5526315789473685,1.13,1675,3.4,3.5,5.6,24
57,Tielemans,MID,AST,0.0,23,0.6052631578947368,1.06,1951,1.0,3.5,5.5,24
19,Smith Rowe,MID,FUL,0.0,17,0.4473684210526316,1.12,1361,9.1,3.5,5.2,24
60,Adams,MID,BOU,0.0,8,0.21052631578947367,0.93,771,0.1,3.5,4.9,24
36,Digne,DEF,AST,0.0,20,0.5263157894736842,1.04,1725,6.8,3.5,4.6,24
580,Huijsen,DEF,BOU,0.0,12,0.3157894736842105,0.94,1150,4.0,3.5,4.4,24
338,Van den Berg,DEF,BRE,0.0,18,0.47368421052631576,1.01,1607,2.6,3.5,4.1,24
455,Bednarek,DEF,SOU,0.0,19,0.5,1.01,1692,2.9,3.5,4.0,24
386,Sancho,MID,CHE,0.0,12,0.3157894736842105,1.02,1058,1.1,3.3,6.2,24
85,Zabarnyi,DEF,BOU,0.0,23,0.6052631578947368,1.0,2070,0.6,3.3,4.4,24
503,Son,MID,TOT,0.0,18,0.47368421052631576,1.09,1493,4.8,3.2,9.8,24
18,Saliba,DEF,ARS,0.0,21,0.5526315789473685,1.03,1829,21.6,3.2,6.2,24
28,Bailey,MID,AST,0.0,13,0.34210526315789475,1.19,983,0.8,3.2,6.2,24
585,I.Sarr,MID,CRY,0.0,16,0.42105263157894735,0.96,1498,2.9,3.2,5.7,24
101,Nørgaard,MID,BRE,0.0,20,0.5263157894736842,1.12,1612,0.2,3.2,4.8,24
44,Konsa,DEF,AST,0.0,21,0.5526315789473685,1.04,1811,6.5,3.2,4.4,24
9,Martinelli,MID,ARS,0.0,15,0.39473684210526316,0.99,1362,3.4,3.0,6.7,24
495,Pedro Porro,DEF,TOT,0.0,20,0.5263157894736842,0.95,1896,20.9,3.0,5.4,24
618,Georginio,MID,BRI,0.0,13,0.34210526315789475,1.0,1172,0.5,3.0,5.1,24
47,E. Martinez,GKP,AST,0.0,23,0.6052631578947368,1.02,2025,11.3,3.0,5.0,24
383,Andre Onana,GKP,MUN,0.0,23,0.6052631578947368,1.0,2070,6.5,3.0,5.0,24
530,Souček,MID,WHM,0.0,18,0.47368421052631576,1.0,1613,1.6,3.0,4.9,24
582,J. O'Brien,DEF,EVE,0.0,2,0.05263157894736842,0.83,218,0.2,3.0,4.5,24
409,Livramento,DEF,NEW,0.0,18,0.47368421052631576,1.03,1579,1.8,3.0,4.5,24
437,N.Williams,DEF,NOT,0.0,13,0.34210526315789475,0.95,1238,2.0,3.0,4.4,24
747,Nuno,,NOT,0.0,0,0.0,0.0,0,1.2,3.0,1.1,24
13,Ødegaard,MID,ARS,0.0,14,0.3684210526315789,1.05,1198,4.8,2.8,8.2,24
497,Richarlison,FWD,TOT,0.0,1,0.02631578947368421,0.46,197,0.5,2.8,6.8,24
3,Gabriel,DEF,ARS,0.0,21,0.5526315789473685,1.05,1808,27.6,2.8,6.4,24
16,Rice,MID,ARS,0.0,19,0.5,1.04,1649,2.5,2.8,6.2,24
15,Raya,GKP,ARS,0.25,23,0.6052631578947368,1.0,2070,26.5,2.8,5.5,24
340,Akanji,DEF,MCI,0.0,19,0.5,1.06,1617,2.7,2.8,5.3,24
298,Mavididi,MID,LEI,0.0,14,0.3684210526315789,0.99,1270,0.3,2.8,5.1,24
129,João Pedro,FWD,BRI,0.0,15,0.39473684210526316,1.04,1295,12.9,2.7,5.5,24
135,Minteh,MID,BRI,0.0,7,0.18421052631578946,0.85,741,0.4,2.7,5.0,24
573,Milenković,DEF,NOT,0.0,22,0.5789473684210527,1.0,1980,8.3,2.7,4.8,24
144,Van Hecke,DEF,BRI,0.0,20,0.5263157894736842,1.01,1790,0.9,2.7,4.5,24
159,Chalobah,DEF,CHE,0.0,14,0.3684210526315789,1.02,1240,1.3,2.7,4.4,24
395,Burn,DEF,NEW,0.0,22,0.5789473684210527,1.0,1980,7.8,2.7,4.4,24
217,A.Doucoure,MID,EVE,0.0,19,0.5,1.07,1591,0.4,2.6,5.1,24
577,Lindstrøm,MID,EVE,0.0,9,0.23684210526315788,1.03,790,0.1,2.6,5.0,24
4,Havertz,FWD,ARS,0.0,20,0.5263157894736842,1.03,1750,7.6,2.5,7.8,24
636,Chiesa,MID,LIV,0.0,0,0.0,0.0,25,0.2,2.5,6.8,24
424,Awoniyi,FWD,NOT,0.0,2,0.05263157894736842,0.76,237,0.3,2.5,5.5,24
654,C.Soler,MID,WHM,0.0,10,0.2631578947368421,0.99,909,0.0,2.5,5.0,24
62,Brooks,MID,BOU,0.0,5,0.13157894736842105,0.91,496,0.0,2.5,4.9,24
185,Sánchez,GKP,CHE,0.0,21,0.5526315789473685,1.0,1890,10.5,2.5,4.7,24
146,Verbruggen,GKP,BRI,0.0,21,0.5526315789473685,1.0,1890,2.9,2.5,4.5,24
520,Emerson,DEF,WHM,0.0,20,0.5263157894736842,1.15,1560,0.6,2.5,4.4,24
594,Mazraoui,DEF,MUN,0.0,21,0.5526315789473685,1.07,1763,9.5,2.5,4.3,24
543,Doherty,DEF,WOL,0.0,12,0.3157894736842105,1.01,1067,0.3,2.5,4.3,24
187,Tosin,DEF,CHE,0.0,8,0.21052631578947367,0.99,730,0.3,2.5,4.2,24
270,Greaves,DEF,IPS,0.0,13,0.34210526315789475,1.0,1170,4.5,2.5,3.9,24
749,Postecoglou,,TOT,0.0,0,0.0,0.0,0,0.4,2.5,1.1,24
732,Khusanov,DEF,MCI,0.0,1,0.02631578947368421,1.7,53,0.1,2.4,5.0,24
755,Marmoush,FWD,MCI,0.0,1,0.02631578947368421,1.23,73,2.7,2.3,7.0,24
403,Joelinton,MID,NEW,0.0,22,0.5789473684210527,1.07,1852,1.5,2.3,6.0,24
248,Leno,GKP,FUL,0.0,23,0.6052631578947368,1.0,2070,2.8,2.3,5.0,24
63,Christie,MID,BOU,0.0,20,0.5263157894736842,1.08,1671,0.2,2.3,4.9,24
393,Botman,DEF,NEW,0.0,3,0.07894736842105263,1.2,225,0.1,2.3,4.4,24
20,Partey,MID,ARS,0.0,19,0.5,0.97,1761,0.7,2.2,5.0,24
42,Kamara,MID,AST,0.0,11,0.2894736842105263,1.05,943,0.0,2.2,5.0,24
356,Matheus N.,MID,MCI,0.0,9,0.23684210526315788,1.02,797,0.1,2.2,4.9,24
377,Maguire,DEF,MUN,0.0,11,0.2894736842105263,1.0,994,0.6,2.2,4.9,24
731,A. Garcia,DEF,AST,0.0,0,0.0,0.0,0,0.0,2.1,4.5,24
757,Kayode,DEF,BRE,0.0,0,0.0,0.0,0,0.0,2.1,4.5,24
733,Vitor Reis,DEF,MCI,0.0,0,0.0,0.0,0,0.0,2.1,4.5,24
389,Zirkzee,FWD,MUN,0.0,8,0.21052631578947367,0.85,849,1.5,2.0,6.5,24
560,P. Neto,MID,CHE,0.0,11,0.2894736842105263,0.91,1085,0.6,2.0,6.2,24
372,Garnacho,MID,MUN,0.0,12,0.3157894736842105,0.88,1223,4.7,2.0,5.9,24
578,Calafiori,DEF,ARS,0.0,8,0.21052631578947367,0.96,749,1.2,2.0,5.8,24
6,J.Timber,DEF,ARS,0.0,19,0.5,1.03,1665,4.4,2.0,5.6,24
54,Rogers,MID,AST,0.0,22,0.5789473684210527,1.09,1810,23.5,2.0,5.6,24
166,Dewsbury-Hall,MID,CHE,0.0,1,0.02631578947368421,0.68,132,0.1,2.0,5.5,24
274,Hutchinson,MID,IPS,0.0,21,0.5526315789473685,1.06,1777,0.3,2.0,5.2,24
290,De Cordova-Reid,MID,LEI,0.0,3,0.07894736842105263,0.76,357,0.1,2.0,5.2,24
369,Dalot,DEF,MUN,0.0,22,0.5789473684210527,1.02,1946,5.7,2.0,5.0,24
623,M.Fernandes,MID,SOU,0.0,19,0.5,1.04,1650,0.1,2.0,5.0,24
157,Caicedo,MID,CHE,0.0,23,0.6052631578947368,1.02,2035,1.1,2.0,4.9,24
203,Hughes,MID,CRY,0.0,15,0.39473684210526316,1.02,1318,0.1,2.0,4.9,24
278,Morsy,MID,IPS,0.0,20,0.5263157894736842,0.99,1812,0.1,2.0,4.9,24
249,Lukić,MID,FUL,0.0,17,0.4473684210526316,1.08,1414,0.1,2.0,4.8,24
357,McAtee,MID,MCI,0.0,0,0.0,0.0,66,0.1,2.0,4.6,24
152,Arrizabalaga,GKP,BOU,0.0,16,0.42105263157894735,1.0,1440,2.0,2.0,4.5,24
241,Bassey,DEF,FUL,0.0,22,0.5789473684210527,1.0,1980,0.5,2.0,4.5,24
619,Cajuste,MID,IPS,0.0,13,0.34210526315789475,1.21,967,0.2,2.0,4.5,24
610,Moore,MID,TOT,0.0,1,0.02631578947368421,0.67,135,0.2,2.0,4.5,24
145,Veltman,DEF,BRI,0.0,17,0.4473684210526316,1.05,1462,1.8,2.0,4.4,24
191,Andersen,DEF,FUL,0.0,15,0.39473684210526316,1.02,1323,3.8,2.0,4.2,24
738,Iraola,,BOU,0.0,0,0.0,0.0,0,5.2,2.0,1.1,24
739,Hürzeler,,BRI,0.0,0,0.0,0.0,0,0.2,2.0,1.1,24
753,Silva,,FUL,0.0,0,0.0,0.0,0,0.1,2.0,1.1,24
527,L.Paquetá,MID,WHM,0.25,19,0.5,1.06,1606,1.1,1.9,5.7,24
313,Bradley,DEF,LIV,0.0,1,0.02631578947368421,0.38,235,0.2,1.9,4.7,24
320,Endo,MID,LIV,0.0,0,0.0,0.0,78,0.1,1.9,4.6,24
709,Danns,FWD,LIV,0.0,0,0.0,0.0,10,0.0,1.9,4.5,24
625,Gündogan,MID,MCI,0.0,15,0.39473684210526316,1.01,1338,0.4,1.8,6.4,24
633,Merino,MID,ARS,0.0,8,0.21052631578947367,0.96,753,0.1,1.8,6.0,24
11,Nketiah,FWD,CRY,0.0,6,0.15789473684210525,0.87,619,0.5,1.8,5.9,24
95,Jensen,MID,BRE,0.0,8,0.21052631578947367,1.07,674,0.1,1.8,5.3,24
192,J.Ayew,MID,LEI,0.0,12,0.3157894736842105,0.99,1093,0.2,1.8,5.2,24
730,Esse,MID,CRY,0.0,0,0.0,0.0,7,0.1,1.8,5.0,24
94,Janelt,MID,BRE,0.0,19,0.5,1.04,1652,0.2,1.8,4.9,24
12,Nwaneri,MID,ARS,0.0,3,0.07894736842105263,0.98,275,0.5,1.8,4.5,24
285,B.Soumaré,MID,LEI,0.0,12,0.3157894736842105,0.98,1101,0.4,1.8,4.4,24
309,Winks,MID,LEI,0.0,16,0.42105263157894735,1.05,1367,6.0,1.8,4.4,24
481,Bergvall,MID,TOT,0.0,5,0.13157894736842105,0.82,552,1.1,1.8,4.4,24
621,João Félix,MID,CHE,0.0,3,0.07894736842105263,0.75,362,0.5,1.7,5.9,24
64,Cook,MID,BOU,0.0,20,0.5263157894736842,0.97,1851,0.2,1.7,5.0,24
600,Ayari,MID,BRI,0.0,14,0.3684210526315789,1.0,1264,0.0,1.7,5.0,24
511,Álvarez,MID,WHM,0.0,14,0.3684210526315789,1.03,1228,0.1,1.7,5.0,24
470,Onuachu,FWD,SOU,0.0,5,0.13157894736842105,1.0,448,0.3,1.7,4.9,24
168,Enzo,MID,CHE,0.0,17,0.4473684210526316,0.96,1597,4.1,1.7,4.8,24
359,Phillips,MID,IPS,0.0,10,0.2631578947368421,1.05,857,0.1,1.7,4.8,24
239,Adama,MID,FUL,0.0,11,0.2894736842105263,0.95,1037,1.7,1.7,4.7,24
716,Kinsky,GKP,TOT,0.0,3,0.07894736842105263,1.0,270,0.3,1.7,4.5,24
84,Travers,GKP,BOU,0.0,5,0.13157894736842105,1.0,450,0.2,1.7,4.4,24
188,Ugochukwu,MID,SOU,0.0,6,0.15789473684210525,0.82,661,0.3,1.7,4.4,24
244,Castagne,DEF,FUL,0.0,8,0.21052631578947367,0.89,808,1.7,1.7,4.2,24
737,Emery,,AST,0.0,0,0.0,0.0,0,3.2,1.6,0.8,24
752,Frank,,BRE,0.0,0,0.0,0.0,0,1.4,1.6,0.8,24
741,Glasner,,CRY,0.0,0,0.0,0.0,0,0.1,1.6,0.8,24
745,Amorim,,MUN,0.0,0,0.0,0.0,0,2.2,1.6,0.8,24
751,Pereira,,WOL,0.0,0,0.0,0.0,0,0.1,1.6,0.8,24
525,Kudus,MID,WHM,0.0,18,0.47368421052631576,1.1,1473,2.4,1.5,6.2,24
531,Ward-Prowse,MID,NOT,0.0,5,0.13157894736842105,1.09,412,0.5,1.5,6.1,24
596,Jota Silva,MID,NOT,0.0,4,0.10526315789473684,0.53,676,0.1,1.5,5.9,24
629,O'Riley,MID,BRI,0.0,5,0.13157894736842105,1.08,417,0.0,1.5,5.5,24
121,Enciso,MID,IPS,0.0,2,0.05263157894736842,0.61,297,0.1,1.5,5.4,24
631,J.Clarke,MID,IPS,0.0,5,0.13157894736842105,0.76,592,0.0,1.5,5.4,24
548,Guedes,MID,WOL,0.0,5,0.13157894736842105,0.74,611,0.1,1.5,5.3,24
378,Mainoo,MID,MUN,0.0,14,0.3684210526315789,1.04,1213,1.9,1.5,5.2,24
205,Kamada,MID,CRY,0.0,9,0.23684210526315788,0.94,863,0.1,1.5,5.1,24
563,R.Gomes,MID,WOL,0.0,6,0.15789473684210525,0.99,543,0.1,1.5,5.1,24
565,Sarabia,MID,WOL,0.0,4,0.10526315789473684,1.04,345,0.1,1.5,5.0,24
171,Gusto,DEF,CHE,0.0,14,0.3684210526315789,0.99,1268,1.6,1.5,4.9,24
262,Broadhead,MID,IPS,0.0,3,0.07894736842105263,0.86,313,0.0,1.5,4.9,24
449,Yates,MID,NOT,0.0,15,0.39473684210526316,0.93,1451,0.1,1.5,4.9,24
452,Aribo,MID,SOU,0.0,14,0.3684210526315789,0.92,1370,0.1,1.5,4.9,24
431,Dominguez,MID,NOT,0.0,12,0.3157894736842105,0.99,1091,0.0,1.5,4.8,24
420,Willock,MID,NEW,0.0,6,0.15789473684210525,0.93,583,0.1,1.5,4.7,24
489,Gray,MID,TOT,0.0,9,0.23684210526315788,0.93,873,0.2,1.5,4.6,24
688,Nyoni,MID,LIV,0.0,0,0.0,0.0,0,0.0,1.5,4.5,24
330,McConnell,MID,LIV,0.0,0,0.0,0.0,0,0.1,1.5,4.4,24
331,Morton,MID,LIV,0.0,0,0.0,0.0,0,0.1,1.5,4.4,24
147,Webster,DEF,BRI,0.0,3,0.07894736842105263,1.64,165,0.1,1.5,4.3,24
554,José Sá,GKP,WOL,0.0,16,0.42105263157894735,1.0,1440,1.8,1.5,4.3,24
304,Stolarczyk,GKP,LEI,0.0,6,0.15789473684210525,1.0,540,0.5,1.5,4.0,24
325,Kelleher,GKP,LIV,0.0,8,0.21052631578947367,1.0,720,1.3,1.5,4.0,24
660,Jaros,GKP,LIV,0.0,0,0.0,0.0,11,0.1,1.5,4.0,24
669,H. Davies,GKP,LIV,0.0,0,0.0,0.0,0,0.0,1.5,4.0,24
692,Nallo,DEF,LIV,0.0,0,0.0,0.0,0,0.0,1.5,4.0,24
333,Quansah,DEF,LIV,0.0,2,0.05263157894736842,0.8,225,1.4,1.5,3.9,24
743,McKenna,,IPS,0.0,0,0.0,0.0,0,0.3,1.5,0.5,24
238,A. Young,DEF,EVE,0.0,17,0.4473684210526316,1.04,1470,3.0,1.4,4.6,24
83,Tavernier,MID,BOU,0.0,13,0.34210526315789475,1.02,1148,0.2,1.3,5.4,24
272,Hirst,FWD,IPS,0.0,1,0.02631578947368421,0.43,208,0.0,1.3,5.4,24
569,Jaden,MID,IPS,0.0,3,0.07894736842105263,0.63,429,0.0,1.3,5.3,24
115,Baleba,MID,BRI,0.0,18,0.47368421052631576,1.07,1520,0.2,1.3,5.0,24
734,Grønbæk,MID,SOU,0.0,0,0.0,0.0,0,0.0,1.3,5.0,24
523,Ings,FWD,WHM,0.0,1,0.02631578947368421,0.36,251,1.3,1.3,5.0,24
281,J. Taylor,MID,IPS,0.0,1,0.02631578947368421,0.23,391,0.0,1.3,4.8,24
608,Dibling,MID,SOU,0.0,14,0.3684210526315789,1.03,1225,1.9,1.3,4.5,24
283,Walton,GKP,IPS,0.0,6,0.15789473684210525,1.0,540,0.2,1.3,4.3,24
756,Porter,GKP,ARS,0.0,0,0.0,0.0,0,0.0,1.3,4.0,24
697,Acheampong,DEF,CHE,0.0,2,0.05263157894736842,1.12,160,0.1,1.3,4.0,24
457,Bree,DEF,SOU,0.0,7,0.18421052631578946,1.1,571,0.4,1.3,3.9,24
375,Højlund,FWD,MUN,0.0,13,0.34210526315789475,1.08,1086,1.0,1.2,6.9,24
541,Cunha,FWD,WOL,0.0,20,0.5263157894736842,1.01,1785,7.7,1.2,6.8,24
342,Bernardo,MID,MCI,0.0,20,0.5263157894736842,0.99,1824,2.9,1.2,6.2,24
358,Ortega Moreno,GKP,MCI,0.0,8,0.21052631578947367,1.0,720,0.6,1.2,5.2,24
642,André,MID,WOL,0.0,16,0.42105263157894735,1.18,1221,0.0,1.2,5.0,24
206,Lerma,MID,CRY,0.0,14,0.3684210526315789,1.05,1201,0.0,1.2,4.8,24
499,P.M.Sarr,MID,TOT,0.0,15,0.39473684210526316,1.1,1225,0.2,1.2,4.8,24
533,Aït-Nouri,DEF,WOL,0.0,22,0.5789473684210527,1.05,1884,5.0,1.2,4.7,24
45,Maatsen,DEF,AST,0.0,3,0.07894736842105263,0.68,400,1.2,1.2,4.5,24
111,Yarmoliuk,MID,BRE,0.0,6,0.15789473684210525,0.88,613,2.8,1.2,4.4,24
564,S.Bueno,DEF,WOL,0.0,15,0.39473684210526316,1.02,1330,0.1,1.2,4.3,24
307,Vestergaard,DEF,LEI,0.0,14,0.3684210526315789,1.05,1200,1.8,1.2,3.9,24
322,Gomez,DEF,LIV,0.25,6,0.15789473684210525,1.04,517,0.5,1.1,4.7,24
550,Hee Chan,MID,WOL,0.0,5,0.13157894736842105,0.75,598,0.3,1.0,6.1,24
391,Almirón,MID,NEW,0.0,1,0.02631578947368421,0.6,150,0.3,1.0,5.4,24
415,Schär,DEF,NEW,0.0,18,0.47368421052631576,1.01,1602,1.6,1.0,5.4,24
370,Eriksen,MID,MUN,0.0,7,0.18421052631578946,1.0,629,0.2,1.0,5.2,24
411,Miley,MID,NEW,0.0,0,0.0,0.0,29,0.0,1.0,5.0,24
218,Beto,FWD,EVE,0.0,1,0.02631578947368421,0.3,304,0.6,1.0,4.9,24
593,De Ligt,DEF,MUN,0.0,18,0.47368421052631576,1.05,1537,3.3,1.0,4.9,24
652,Ugarte,MID,MUN,0.0,12,0.3157894736842105,1.09,987,0.1,1.0,4.9,24
590,Osula,FWD,NEW,0.0,0,0.0,0.0,41,0.2,1.0,4.9,24
535,Bellegarde,MID,WOL,0.0,10,0.2631578947368421,1.06,853,0.1,1.0,4.9,24
289,Daka,FWD,LEI,0.0,1,0.02631578947368421,0.34,266,0.8,1.0,4.8,24
117,Buonanotte,MID,LEI,0.0,12,0.3157894736842105,0.95,1139,0.6,1.0,4.7,24
410,Longstaff,MID,NEW,0.0,8,0.21052631578947367,1.01,712,0.4,1.0,4.6,24
162,Colwill,DEF,CHE,0.0,21,0.5526315789473685,1.0,1890,3.2,1.0,4.5,24
296,Kristiansen,DEF,LEI,0.0,20,0.5263157894736842,1.02,1757,0.1,1.0,4.5,24
653,Morato,DEF,NOT,0.0,2,0.05263157894736842,0.42,433,0.1,1.0,4.5,24
388,Wan-Bissaka,DEF,WHM,0.0,21,0.5526315789473685,1.0,1894,4.5,1.0,4.5,24
572,Yoro,DEF,MUN,0.0,4,0.10526315789473684,0.8,450,0.2,1.0,4.3,24
295,Justin,DEF,LEI,0.0,22,0.5789473684210527,1.04,1902,1.6,1.0,4.2,24
720,Agbadou,DEF,WOL,0.0,3,0.07894736842105263,1.0,270,0.0,1.0,4.0,24
291,Faes,DEF,LEI,0.0,16,0.42105263157894735,0.93,1552,6.5,1.0,3.9,24
742,Moyes,,EVE,0.0,0,0.0,0.0,0,34.1,1.0,0.5,24
754,Van Nistelrooy,,LEI,0.0,0,0.0,0.0,0,0.3,1.0,0.5,24
324,Jones,MID,LIV,0.75,10,0.2631578947368421,1.01,890,0.3,0.9,5.3,24
31,Buendia,MID,AST,0.0,0,0.0,0.0,89,0.1,0.8,5.1,24
501,Skipp,MID,LEI,0.0,7,0.18421052631578946,0.83,757,0.0,0.8,4.7,24
355,R. Lewis,DEF,MCI,0.0,16,0.42105263157894735,1.03,1400,4.9,0.8,4.5,24
613,Collyer,MID,MUN,0.0,0,0.0,0.0,121,0.1,0.8,4.5,24
559,N.Semedo,DEF,WOL,0.0,18,0.47368421052631576,1.01,1609,0.2,0.8,4.5,24
504,Spence,DEF,TOT,0.0,6,0.15789473684210525,0.92,590,0.1,0.8,4.4,24
181,Nkunku,MID,CHE,0.0,3,0.07894736842105263,0.65,417,2.0,0.7,5.7,24
418,Trippier,DEF,NEW,0.0,5,0.13157894736842105,0.89,506,3.3,0.7,5.6,24
148,Welbeck,FWD,BRI,0.0,15,0.39473684210526316,1.05,1281,5.7,0.7,5.5,24
620,Sosa,MID,NOT,0.0,1,0.02631578947368421,0.39,229,0.1,0.7,5.5,24
113,Adingra,MID,BRI,0.0,6,0.15789473684210525,0.99,545,0.3,0.7,5.2,24
122,Estupiñan,DEF,BRI,0.75,15,0.39473684210526316,0.95,1415,1.2,0.7,5.0,24
622,Berge,MID,FUL,0.0,12,0.3157894736842105,0.95,1136,0.0,0.7,5.0,24
243,Cairney,MID,FUL,0.0,2,0.05263157894736842,0.47,385,0.0,0.7,4.8,24
178,Marc Guiu,FWD,CHE,0.0,0,0.0,0.0,33,0.6,0.7,4.7,24
277,Luongo,MID,IPS,0.0,2,0.05263157894736842,1.07,169,0.2,0.7,4.4,24
120,Dunk,DEF,BRI,0.0,16,0.42105263157894735,0.98,1470,3.1,0.7,4.3,24
26,Alex Moreno,DEF,NOT,0.0,10,0.2631578947368421,1.11,812,0.4,0.7,4.3,24
167,Disasi,DEF,CHE,0.0,4,0.10526315789473684,0.99,363,0.4,0.7,4.2,24
404,Kelly,DEF,NEW,0.0,4,0.10526315789473684,1.22,296,0.1,0.7,4.2,24
284,Woolfenden,DEF,IPS,0.0,8,0.21052631578947367,0.98,737,1.3,0.7,4.0,24
275,Ben Johnson,DEF,IPS,0.0,8,0.21052631578947367,0.88,822,2.1,0.7,3.9,24
282,Tuanzebe,DEF,IPS,0.0,10,0.2631578947368421,1.02,886,1.6,0.7,3.9,24
583,Townsend,DEF,IPS,0.0,0,0.0,0.0,46,0.6,0.7,3.9,24
234,Patterson,DEF,EVE,0.0,0,0.0,0.0,122,0.0,0.6,4.4,24
186,Sterling,MID,ARS,0.0,3,0.07894736842105263,1.27,212,0.8,0.5,6.7,24
349,Grealish,MID,MCI,0.0,6,0.15789473684210525,0.9,599,0.2,0.5,6.4,24
38,Duran,FWD,AST,0.0,4,0.10526315789473684,0.58,622,2.5,0.5,5.8,24
725,Malen,MID,AST,0.0,0,0.0,0.0,25,0.1,0.5,5.5,24
251,Muniz,FWD,FUL,0.0,5,0.13157894736842105,0.7,639,1.5,0.5,5.5,24
48,McGinn,MID,AST,0.0,16,0.42105263157894735,1.13,1270,0.6,0.5,5.2,24
453,A. Armstrong,FWD,SOU,0.0,15,0.39473684210526316,1.08,1246,1.0,0.5,5.1,24
462,Kamaldeen,MID,SOU,0.0,3,0.07894736842105263,0.97,278,0.0,0.5,5.0,24
165,Deivid,FWD,CHE,0.0,0,0.0,0.0,0,0.1,0.5,4.9,24
413,Pope,GKP,NEW,0.0,15,0.39473684210526316,1.0,1350,3.2,0.5,4.9,24
430,E. Dennis,FWD,NOT,0.0,0,0.0,0.0,0,0.2,0.5,4.9,24
480,Bentancur,MID,TOT,0.0,10,0.2631578947368421,1.16,775,0.1,0.5,4.9,24
482,Bissouma,MID,TOT,0.0,11,0.2894736842105263,1.03,962,0.2,0.5,4.8,24
588,G.Rodríguez,MID,WHM,0.0,14,0.3684210526315789,1.24,1015,0.1,0.5,4.8,24
544,Doyle,MID,WOL,0.0,3,0.07894736842105263,0.62,434,0.0,0.5,4.8,24
7,Jorginho,MID,ARS,0.0,6,0.15789473684210525,1.18,456,0.2,0.5,4.7,24
161,Chukwuemeka,MID,CHE,0.0,0,0.0,0.0,0,0.0,0.5,4.7,24
429,Danilo,MID,NOT,0.0,1,0.02631578947368421,6.43,14,0.0,0.5,4.7,24
160,Chilwell,DEF,CHE,0.0,0,0.0,0.0,0,0.5,0.5,4.6,24
696,George,MID,CHE,0.0,0,0.0,0.0,6,0.0,0.5,4.5,24
645,Devenny,MID,CRY,0.0,2,0.05263157894736842,0.69,261,0.1,0.5,4.5,24
158,Casadei,MID,CHE,0.0,0,0.0,0.0,0,0.1,0.5,4.4,24
267,Davis,DEF,IPS,0.0,23,0.6052631578947368,1.02,2025,1.5,0.5,4.4,24
568,Muric,GKP,IPS,0.0,17,0.4473684210526316,1.0,1530,0.8,0.5,4.4,24
406,Kuol,MID,NEW,0.0,0,0.0,0.0,0,0.1,0.5,4.4,24
428,Da Silva Moreira,MID,NOT,0.0,0,0.0,0.0,28,0.1,0.5,4.4,24
14,Ramsdale,GKP,SOU,0.25,15,0.39473684210526316,1.0,1350,1.2,0.5,4.4,24
21,Tierney,DEF,ARS,0.0,0,0.0,0.0,16,0.0,0.5,4.3,24
196,Clyne,DEF,CRY,0.0,4,0.10526315789473684,0.92,390,0.1,0.5,4.3,24
405,Krafth,DEF,NEW,0.0,2,0.05263157894736842,0.75,240,0.1,0.5,4.3,24
412,Odysseas,GKP,NEW,0.0,0,0.0,0.0,0,0.1,0.5,4.3,24
442,Sangaré,MID,NOT,0.0,3,0.07894736842105263,1.27,212,0.8,0.5,4.3,24
484,B. Davies,DEF,TOT,0.0,5,0.13157894736842105,1.0,450,0.1,0.5,4.3,24
524,Kilman,DEF,WHM,0.0,23,0.6052631578947368,1.04,1998,1.2,0.5,4.3,24
581,Jørgensen,GKP,CHE,0.0,2,0.05263157894736842,1.0,180,0.2,0.5,4.2,24
425,Boly,DEF,NOT,0.0,1,0.02631578947368421,0.8,113,0.1,0.5,4.2,24
444,Toffolo,DEF,NOT,0.0,0,0.0,0.0,45,0.1,0.5,4.2,24
513,Areola,GKP,WHM,0.0,11,0.2894736842105263,0.99,999,3.7,0.5,4.2,24
427,C.Miguel,GKP,NOT,0.0,0,0.0,0.0,0,0.2,0.5,4.1,24
266,H.Clarke,DEF,IPS,0.0,4,0.10526315789473684,0.95,377,0.1,0.5,4.0,24
630,O'Shea,DEF,IPS,0.0,20,0.5263157894736842,1.02,1772,1.5,0.5,4.0,24
715,Godfrey,DEF,IPS,0.0,1,0.02631578947368421,1.43,63,0.0,0.5,4.0,24
288,Coady,DEF,LEI,0.0,8,0.21052631578947367,1.01,715,0.4,0.5,4.0,24
726,Coulibaly,DEF,LEI,0.0,0,0.0,0.0,1,0.0,0.5,4.0,24
416,Targett,DEF,NEW,0.0,0,0.0,0.0,12,0.3,0.5,4.0,24
706,Abbott,DEF,NOT,0.0,0,0.0,0.0,0,0.0,0.5,4.0,24
721,Hennessey,GKP,NOT,0.0,0,0.0,0.0,0,0.0,0.5,4.0,24
154,Bergström,GKP,CHE,0.0,0,0.0,0.0,0,0.3,0.5,3.9,24
155,Bettinelli,GKP,CHE,0.0,0,0.0,0.0,0,0.4,0.5,3.9,24
280,Slicker,GKP,IPS,0.0,0,0.0,0.0,0,0.7,0.5,3.9,24
414,Ruddy,GKP,NEW,0.0,0,0.0,0.0,0,0.3,0.5,3.9,24
748,Jurić,,SOU,0.0,0,0.0,0.0,0,0.1,0.5,0.5,24
750,Potter,,WHM,0.0,0,0.0,0.0,0,0.4,0.5,0.5,24
233,Amadou Onana,MID,AST,0.5,14,0.3684210526315789,1.22,1033,2.4,0.4,4.8,24
240,Andreas,MID,FUL,0.0,16,0.42105263157894735,1.15,1251,0.9,0.3,5.0,24
27,Archer,FWD,SOU,0.0,10,0.2631578947368421,0.87,1036,1.5,0.3,5.0,24
471,Smallbone,MID,SOU,0.0,3,0.07894736842105263,0.96,282,0.0,0.3,5.0,24
131,Lamptey,DEF,BRI,0.0,5,0.13157894736842105,1.06,426,0.3,0.3,4.4,24
521,Fabianski,GKP,WHM,0.0,12,0.3157894736842105,1.01,1070,16.5,0.3,4.1,24
677,Scarles,DEF,WHM,0.0,0,0.0,0.0,92,0.0,0.3,4.0,24
263,Burgess,DEF,IPS,0.0,10,0.2631578947368421,1.0,900,1.8,0.3,3.9,24
517,Cresswell,DEF,WHM,0.0,2,0.05263157894736842,0.88,204,1.5,0.3,3.9,24
655,Forbs,MID,WOL,0.25,1,0.02631578947368421,0.38,235,0.0,0.2,5.5,24
362,Stones,DEF,MCI,0.0,4,0.10526315789473684,0.99,364,1.1,0.2,5.3,24
607,O’Reilly,MID,MCI,0.0,0,0.0,0.0,18,0.0,0.2,4.9,24
25,Zinchenko,DEF,ARS,0.0,2,0.05263157894736842,0.76,238,0.9,0.2,4.8,24
557,Mario Jr.,MID,WOL,0.0,15,0.39473684210526316,0.99,1363,0.2,0.2,4.8,24
299,McAteer,MID,LEI,0.0,4,0.10526315789473684,0.95,380,0.0,0.2,4.7,24
214,Schlupp,MID,CRY,0.0,0,0.0,0.0,95,0.1,0.2,4.6,24
597,Lewis-Skelly,MID,ARS,0.0,6,0.15789473684210525,1.17,460,0.2,0.2,4.5,24
674,Maghoma,MID,BRE,0.0,0,0.0,0.0,74,0.0,0.2,4.5,24
698,Mubama,FWD,MCI,0.0,0,0.0,0.0,27,0.1,0.2,4.5,24
609,Lankshear,FWD,TOT,0.0,0,0.0,0.0,10,1.5,0.2,4.5,24
379,Malacia,DEF,MUN,0.0,2,0.05263157894736842,1.82,99,0.0,0.2,4.4,24
100,Mee,DEF,BRE,0.0,2,0.05263157894736842,1.03,175,0.3,0.2,4.2,24
598,Bogarde,DEF,AST,0.0,3,0.07894736842105263,1.02,266,0.3,0.2,4.0,24
301,Okoli,DEF,LEI,0.0,9,0.23684210526315788,1.01,799,0.6,0.2,4.0,24
479,Austin,GKP,TOT,0.0,1,0.02631578947368421,1.0,90,0.5,0.2,4.0,24
305,L. Thomas,DEF,LEI,0.0,2,0.05263157894736842,1.01,179,1.8,0.2,3.9,24
486,Dragusin,DEF,TOT,0.75,14,0.3684210526315789,1.01,1250,0.3,0.1,4.3,24
17,Saka,MID,ARS,1.0,16,0.42105263157894735,1.14,1268,9.1,0.0,10.2,24
82,Solanke,FWD,TOT,1.0,18,0.47368421052631576,1.01,1598,5.2,0.0,7.4,24
494,Maddison,MID,TOT,1.0,15,0.39473684210526316,1.04,1293,4.9,0.0,7.4,24
108,Toney,FWD,BRE,1.0,0,0.0,0.0,0,1.1,0.0,7.3,24
352,J.Alvarez,FWD,MCI,1.0,0,0.0,0.0,0,0.1,0.0,7.0,24
421,C. Wilson,FWD,NEW,1.0,0,0.0,0.0,57,0.0,0.0,6.9,24
199,Eze,MID,CRY,1.0,19,0.5,1.08,1582,8.6,0.0,6.7,24
589,Füllkrug,FWD,WHM,1.0,3,0.07894736842105263,0.74,366,0.8,0.0,6.7,24
2,G.Jesus,FWD,ARS,1.0,6,0.15789473684210525,0.9,600,1.4,0.0,6.6,24
385,Rashford,MID,MUN,0.0,12,0.3157894736842105,1.11,975,2.0,0.0,6.6,24
34,Diaby,MID,AST,1.0,0,0.0,0.0,0,0.0,0.0,6.5,24
125,Gross,MID,BRI,1.0,0,0.0,0.0,0,0.0,0.0,6.5,24
132,March,MID,BRI,1.0,0,0.0,0.0,23,0.0,0.0,6.5,24
175,Lukaku,FWD,CHE,1.0,0,0.0,0.0,0,0.2,0.0,6.3,24
382,Mount,MID,MUN,1.0,4,0.10526315789473684,1.48,243,0.1,0.0,6.3,24
491,Brennan Johnson,MID,TOT,1.0,16,0.42105263157894735,0.97,1490,2.2,0.0,6.3,24
179,Mudryk,MID,CHE,1.0,1,0.02631578947368421,0.62,145,0.2,0.0,6.2,24
346,Doku,MID,MCI,1.0,9,0.23684210526315788,1.04,782,1.3,0.0,6.2,24
360,Rodrigo,MID,MCI,1.0,1,0.02631578947368421,1.38,65,0.8,0.0,6.2,24
509,Werner,MID,TOT,1.0,4,0.10526315789473684,0.73,496,0.1,0.0,6.2,24
24,B. White,DEF,ARS,1.0,7,0.18421052631578946,0.91,694,2.1,0.0,6.1,24
107,Thiago,FWD,BRE,1.0,1,0.02631578947368421,0.7,129,0.0,0.0,5.9,24
169,Gallagher,MID,CHE,1.0,0,0.0,0.0,0,0.1,0.0,5.9,24
392,Barnes,MID,NEW,1.0,6,0.15789473684210525,0.7,773,1.0,0.0,5.9,24
611,Szmodics,MID,IPS,1.0,13,0.34210526315789475,1.2,975,0.2,0.0,5.7,24
365,Antony,MID,MUN,1.0,0,0.0,0.0,135,0.2,0.0,5.7,24
617,Evanilson,FWD,BOU,1.0,17,0.4473684210526316,1.12,1368,0.7,0.0,5.6,24
587,Summerville,MID,WHM,0.75,7,0.18421052631578946,0.81,776,0.3,0.0,5.6,24
143,Undav,FWD,BRI,1.0,0,0.0,0.0,0,0.0,0.0,5.5,24
562,Podence,MID,WOL,1.0,0,0.0,0.0,46,0.0,0.0,5.5,24
1,Fábio Vieira,MID,ARS,1.0,0,0.0,0.0,0,0.0,0.0,5.4,24
41,Iling Jr,MID,AST,1.0,0,0.0,0.0,0,0.0,0.0,5.4,24
65,Enes Ünal,FWD,BOU,1.0,2,0.05263157894736842,0.55,330,0.1,0.0,5.4,24
595,Gruda,MID,BRI,0.0,5,0.13157894736842105,1.24,362,0.0,0.0,5.4,24
164,D.D.Fofana,FWD,CHE,1.0,0,0.0,0.0,0,0.1,0.0,5.4,24
156,Broja,FWD,EVE,1.0,2,0.05263157894736842,1.15,156,0.1,0.0,5.4,24
220,Calvert-Lewin,FWD,EVE,1.0,19,0.5,1.09,1571,1.6,0.0,5.4,24
361,Rúben,DEF,MCI,1.0,13,0.34210526315789475,0.99,1176,2.2,0.0,5.4,24
502,Solomon,MID,TOT,1.0,0,0.0,0.0,0,0.0,0.0,5.4,24
341,Aké,DEF,MCI,1.0,7,0.18421052631578946,1.05,601,0.9,0.0,5.3,24
353,João Cancelo,DEF,MCI,1.0,0,0.0,0.0,0,0.2,0.0,5.3,24
612,Odobert,MID,TOT,1.0,2,0.05263157894736842,1.12,160,0.0,0.0,5.3,24
512,Antonio,FWD,WHM,1.0,11,0.2894736842105263,1.19,834,0.9,0.0,5.3,24
566,Strand Larsen,FWD,WOL,1.0,22,0.5789473684210527,1.08,1835,1.6,0.0,5.3,24
29,Barkley,MID,AST,1.0,3,0.07894736842105263,0.5,544,0.2,0.0,5.2,24
259,H. Wilson,MID,FUL,1.0,8,0.21052631578947367,0.87,829,0.7,0.0,5.2,24
570,A.Fatawu,MID,LEI,1.0,6,0.15789473684210525,0.94,576,0.2,0.0,5.2,24
434,Hudson-Odoi,MID,NOT,1.0,18,0.47368421052631576,1.06,1525,1.2,0.0,5.2,24
230,McNeil,MID,EVE,1.0,13,0.34210526315789475,1.03,1140,1.3,0.0,5.1,24
265,Chaplin,MID,IPS,1.0,7,0.18421052631578946,1.04,605,0.1,0.0,5.1,24
198,Edouard,FWD,LEI,0.0,1,0.02631578947368421,0.64,141,0.2,0.0,5.1,24
363,Walker,DEF,MCI,1.0,9,0.23684210526315788,0.84,966,2.9,0.0,5.1,24
37,Dobbin,MID,AST,1.0,0,0.0,0.0,0,0.0,0.0,5.0,24
66,Faivre,MID,BOU,1.0,0,0.0,0.0,0,0.0,0.0,5.0,24
124,Gilmour,MID,BRI,1.0,1,0.02631578947368421,0.93,97,0.0,0.0,5.0,24
127,I.Osman,MID,BRI,1.0,0,0.0,0.0,0,0.0,0.0,5.0,24
134,Milner,MID,BRI,1.0,3,0.07894736842105263,1.6,169,0.0,0.0,5.0,24
601,Moran,MID,BRI,1.0,0,0.0,0.0,0,0.0,0.0,5.0,24
651,Mangala,MID,EVE,1.0,14,0.3684210526315789,1.0,1257,0.0,0.0,5.0,24
10,R. Nelson,MID,FUL,1.0,5,0.13157894736842105,0.93,483,0.1,0.0,5.0,24
256,Stansfield,FWD,FUL,1.0,0,0.0,0.0,1,0.0,0.0,5.0,24
384,Pellistri,MID,MUN,1.0,0,0.0,0.0,0,0.0,0.0,5.0,24
439,L. O'Brien,MID,NOT,1.0,0,0.0,0.0,0,0.0,0.0,5.0,24
463,Lallana,MID,SOU,0.0,5,0.13157894736842105,1.39,324,0.0,0.0,5.0,24
468,Mara,FWD,SOU,1.0,0,0.0,0.0,0,0.0,0.0,5.0,24
483,Bryan,MID,TOT,1.0,0,0.0,0.0,0,0.0,0.0,5.0,24
490,Højbjerg,MID,TOT,1.0,0,0.0,0.0,0,0.0,0.0,5.0,24
507,Veliz,FWD,TOT,1.0,0,0.0,0.0,0,0.0,0.0,5.0,24
545,Fábio Silva,FWD,WOL,1.0,0,0.0,0.0,0,0.1,0.0,5.0,24
30,Barrenechea,MID,AST,1.0,0,0.0,0.0,0,0.0,0.0,4.9,24
102,Onyeka,MID,BRE,1.0,0,0.0,0.0,23,0.0,0.0,4.9,24
634,G.Nunes,MID,BRE,1.0,0,0.0,0.0,0,0.0,0.0,4.9,24
119,Dahoud,MID,BRI,1.0,0,0.0,0.0,0,0.0,0.0,4.9,24
141,Sarmiento,MID,BRI,1.0,0,0.0,0.0,8,0.0,0.0,4.9,24
193,C.Doucouré,MID,CRY,1.0,4,0.10526315789473684,0.81,443,0.0,0.0,4.9,24
229,Maupay,FWD,EVE,1.0,0,0.0,0.0,0,0.2,0.0,4.9,24
237,Y. Chermiti,FWD,EVE,1.0,0,0.0,0.0,0,0.0,0.0,4.9,24
271,Harness,MID,IPS,1.0,0,0.0,0.0,43,0.0,0.0,4.9,24
300,Ndidi,MID,LEI,1.0,15,0.39473684210526316,1.11,1216,0.2,0.0,4.9,24
381,McTominay,MID,MUN,1.0,0,0.0,0.0,17,0.1,0.0,4.9,24
387,Shaw,DEF,MUN,1.0,0,0.0,0.0,68,0.2,0.0,4.9,24
450,Alcaraz,MID,SOU,1.0,0,0.0,0.0,9,0.0,0.0,4.9,24
459,S. Edozie,MID,SOU,1.0,0,0.0,0.0,64,0.0,0.0,4.9,24
493,Lo Celso,MID,TOT,1.0,0,0.0,0.0,0,0.0,0.0,4.9,24
498,Romero,DEF,TOT,1.0,12,0.3157894736842105,1.11,974,3.5,0.0,4.9,24
553,J.Gomes,MID,WOL,1.0,22,0.5789473684210527,1.07,1852,0.2,0.0,4.9,24
8,Kiwior,DEF,ARS,0.0,2,0.05263157894736842,0.56,323,0.2,0.0,4.8,24
22,Tomiyasu,DEF,ARS,1.0,0,0.0,0.0,6,0.0,0.0,4.8,24
76,Philip,MID,BOU,1.0,1,0.02631578947368421,0.51,176,0.0,0.0,4.8,24
90,Dasilva,MID,BRE,1.0,0,0.0,0.0,0,0.0,0.0,4.8,24
264,Burns,MID,IPS,1.0,12,0.3157894736842105,1.17,922,0.0,0.0,4.8,24
632,Ogbene,MID,IPS,1.0,3,0.07894736842105263,1.14,237,0.0,0.0,4.8,24
397,R. Fraser,MID,SOU,1.0,4,0.10526315789473684,1.19,303,0.0,0.0,4.8,24
584,Brereton Díaz,MID,SOU,1.0,4,0.10526315789473684,0.81,446,0.1,0.0,4.8,24
505,Udogie,DEF,TOT,1.0,18,0.47368421052631576,1.13,1430,1.5,0.0,4.8,24
508,Vicario,GKP,TOT,1.0,12,0.3157894736842105,1.0,1080,1.6,0.0,4.8,24
576,Irving,MID,WHM,0.0,0,0.0,0.0,84,0.0,0.0,4.8,24
534,B.Traore,MID,WOL,0.75,0,0.0,0.0,0,0.0,0.0,4.8,24
555,Kalajdžić,FWD,WOL,1.0,0,0.0,0.0,0,0.0,0.0,4.8,24
77,Scott,MID,BOU,1.0,2,0.05263157894736842,0.7,258,0.0,0.0,4.7,24
149,Wieffer,MID,BRI,1.0,4,0.10526315789473684,0.78,464,0.1,0.0,4.7,24
216,Wharton,MID,CRY,0.0,8,0.21052631578947367,1.16,621,0.1,0.0,4.7,24
260,Al-Hamadi,FWD,IPS,1.0,0,0.0,0.0,125,0.3,0.0,4.7,24
343,Bobb,MID,MCI,0.25,0,0.0,0.0,0,0.1,0.0,4.7,24
368,Casemiro,MID,MUN,0.0,10,0.2631578947368421,1.08,833,0.4,0.0,4.7,24
515,Cornet,MID,SOU,1.0,1,0.02631578947368421,1.27,71,0.0,0.0,4.7,24
79,Senesi,DEF,BOU,1.0,11,0.2894736842105263,1.08,917,0.3,0.0,4.6,24
314,Carvalho,MID,BRE,0.0,3,0.07894736842105263,0.65,418,0.5,0.0,4.6,24
526,L.Guilherme,MID,WHM,0.0,0,0.0,0.0,45,0.0,0.0,4.6,24
638,Oulad M'hand,MID,ARS,0.0,0,0.0,0.0,0,0.0,0.0,4.5,24
639,Setford,GKP,ARS,0.0,0,0.0,0.0,0,0.0,0.0,4.5,24
659,Kabia,MID,ARS,0.0,0,0.0,0.0,0,0.0,0.0,4.5,24
665,Butler-Oyedeji,FWD,ARS,0.0,0,0.0,0.0,0,0.2,0.0,4.5,24
33,Dendoncker,MID,AST,1.0,0,0.0,0.0,0,0.2,0.0,4.5,24
35,Diego Carlos,DEF,AST,1.0,8,0.21052631578947367,0.87,828,0.3,0.0,4.5,24
51,Olsen,GKP,AST,0.0,0,0.0,0.0,45,0.1,0.0,4.5,24
656,K. Young,MID,AST,0.0,0,0.0,0.0,0,0.2,0.0,4.5,24
679,Broggio,MID,AST,0.0,0,0.0,0.0,0,0.0,0.0,4.5,24
710,Jimoh,MID,AST,0.0,0,0.0,0.0,0,0.0,0.0,4.5,24
61,Anthony,MID,BOU,1.0,0,0.0,0.0,0,0.1,0.0,4.5,24
67,H.Traorè,MID,BOU,1.0,0,0.0,0.0,0,0.0,0.0,4.5,24
69,Jebbison,FWD,BOU,0.0,0,0.0,0.0,43,1.0,0.0,4.5,24
728,Silcott-Duberry,MID,BOU,0.0,0,0.0,0.0,1,0.0,0.0,4.5,24
103,Peart-Harris,MID,BRE,1.0,0,0.0,0.0,0,0.0,0.0,4.5,24
112,Zanka,DEF,BRE,1.0,0,0.0,0.0,0,0.0,0.0,4.5,24
661,Yogane,MID,BRE,1.0,0,0.0,0.0,0,0.0,0.0,4.5,24
114,Baker-Boaitey,MID,BRI,1.0,0,0.0,0.0,0,0.0,0.0,4.5,24
118,Cozier-Duberry,MID,BRI,1.0,0,0.0,0.0,0,0.0,0.0,4.5,24
130,Kozlowski,MID,BRI,1.0,0,0.0,0.0,0,0.0,0.0,4.5,24
133,Mazilu,MID,BRI,1.0,0,0.0,0.0,0,0.0,0.0,4.5,24
138,O'Mahony,FWD,BRI,1.0,0,0.0,0.0,0,0.2,0.0,4.5,24
150,Andrey Santos,MID,CHE,1.0,0,0.0,0.0,0,0.0,0.0,4.5,24
151,Ângelo,MID,CHE,1.0,0,0.0,0.0,0,0.1,0.0,4.5,24
174,Lavia,MID,CHE,1.0,8,0.21052631578947367,1.36,530,0.5,0.0,4.5,24
176,M.Sarr,DEF,CHE,1.0,0,0.0,0.0,0,0.0,0.0,4.5,24
190,Ahamada,MID,CRY,1.0,0,0.0,0.0,0,0.1,0.0,4.5,24
197,Ebiowei,MID,CRY,1.0,0,0.0,0.0,0,0.0,0.0,4.5,24
212,Ozoh,MID,CRY,1.0,0,0.0,0.0,0,0.0,0.0,4.5,24
213,Rak-Sakyi,MID,CRY,1.0,0,0.0,0.0,0,0.0,0.0,4.5,24
646,Agbinone,MID,CRY,1.0,0,0.0,0.0,4,0.0,0.0,4.5,24
647,Rodney,MID,CRY,0.0,0,0.0,0.0,0,0.0,0.0,4.5,24
676,Marsh,FWD,CRY,0.0,0,0.0,0.0,0,0.3,0.0,4.5,24
614,Metcalfe,MID,EVE,1.0,0,0.0,0.0,0,0.0,0.0,4.5,24
246,L. Harris,MID,FUL,1.0,0,0.0,0.0,0,0.0,0.0,4.5,24
253,Ream,DEF,FUL,1.0,0,0.0,0.0,0,0.0,0.0,4.5,24
604,J. King,MID,FUL,0.0,1,0.02631578947368421,1.15,78,0.1,0.0,4.5,24
273,Humphreys,MID,IPS,1.0,0,0.0,0.0,0,0.0,0.0,4.5,24
276,Ladapo,FWD,IPS,1.0,0,0.0,0.0,0,0.4,0.0,4.5,24
286,Cannon,FWD,LEI,1.0,0,0.0,0.0,0,0.3,0.0,4.5,24
297,Marcal,MID,LEI,1.0,0,0.0,0.0,0,0.0,0.0,4.5,24
694,Cartwright,MID,LEI,0.0,0,0.0,0.0,0,0.0,0.0,4.5,24
312,Bajcetic,MID,LIV,1.0,0,0.0,0.0,0,0.0,0.0,4.5,24
315,Clark,MID,LIV,1.0,0,0.0,0.0,0,0.0,0.0,4.5,24
318,Doak,MID,LIV,1.0,0,0.0,0.0,0,0.0,0.0,4.5,24
626,Kaboré,DEF,MCI,1.0,0,0.0,0.0,0,0.0,0.0,4.5,24
671,Wright,MID,MCI,0.0,0,0.0,0.0,0,0.0,0.0,4.5,24
373,Hannibal,MID,MUN,1.0,0,0.0,0.0,0,0.0,0.0,4.5,24
648,Wheatley,FWD,MUN,1.0,0,0.0,0.0,0,1.5,0.0,4.5,24
667,Fletcher,MID,MUN,0.0,0,0.0,0.0,0,0.0,0.0,4.5,24
673,Fitzgerald,MID,MUN,0.0,0,0.0,0.0,0,0.0,0.0,4.5,24
407,Lascelles,DEF,NEW,1.0,0,0.0,0.0,0,0.0,0.0,4.5,24
419,J. White,MID,NEW,1.0,0,0.0,0.0,0,0.1,0.0,4.5,24
426,Bowler,MID,NOT,1.0,0,0.0,0.0,0,0.0,0.0,4.5,24
435,Mighten,MID,NOT,1.0,0,0.0,0.0,0,0.0,0.0,4.5,24
438,O.Richards,DEF,NOT,1.0,0,0.0,0.0,0,0.0,0.0,4.5,24
446,Ui-jo,FWD,NOT,1.0,0,0.0,0.0,0,0.9,0.0,4.5,24
448,Worrall,DEF,NOT,1.0,0,0.0,0.0,0,0.0,0.0,4.5,24
458,Charles,MID,SOU,1.0,0,0.0,0.0,0,0.0,0.0,4.5,24
485,Devine,MID,TOT,1.0,0,0.0,0.0,0,0.0,0.0,4.5,24
487,E.Royal,DEF,TOT,1.0,0,0.0,0.0,0,0.0,0.0,4.5,24
500,Scarlett,FWD,TOT,1.0,0,0.0,0.0,0,0.1,0.0,4.5,24
506,Van de Ven,DEF,TOT,0.0,9,0.23684210526315788,1.03,788,2.5,0.0,4.5,24
683,Olusesi,MID,TOT,0.0,0,0.0,0.0,0,0.0,0.0,4.5,24
689,Williams-Barnett,MID,TOT,1.0,0,0.0,0.0,0,0.0,0.0,4.5,24
717,Yang,MID,TOT,0.0,0,0.0,0.0,0,0.0,0.0,4.5,24
729,Ajayi,MID,TOT,0.0,0,0.0,0.0,0,0.0,0.0,4.5,24
519,Earthy,MID,WHM,1.0,0,0.0,0.0,0,0.0,0.0,4.5,24
537,Chiquinho,MID,WOL,1.0,0,0.0,0.0,6,0.1,0.0,4.5,24
538,Chirewa,MID,WOL,1.0,0,0.0,0.0,0,0.0,0.0,4.5,24
539,Chiwome,FWD,WOL,0.0,0,0.0,0.0,0,1.7,0.0,4.5,24
540,Cundle,MID,WOL,0.0,0,0.0,0.0,0,0.2,0.0,4.5,24
546,N. Fraser,FWD,WOL,1.0,0,0.0,0.0,0,1.1,0.0,4.5,24
549,H.Bueno,DEF,WOL,1.0,0,0.0,0.0,0,0.0,0.0,4.5,24
551,Hodge,MID,WOL,1.0,0,0.0,0.0,0,0.2,0.0,4.5,24
682,T. Edozie,MID,WOL,0.0,0,0.0,0.0,0,0.0,0.0,4.5,24
32,Cash,DEF,AST,1.0,15,0.39473684210526316,1.07,1258,1.3,0.0,4.4,24
49,Mings,DEF,AST,1.0,5,0.13157894736842105,0.96,467,0.1,0.0,4.4,24
72,Mepham,DEF,BOU,1.0,0,0.0,0.0,0,0.0,0.0,4.4,24
81,Smith,DEF,BOU,1.0,12,0.3157894736842105,1.05,1032,0.1,0.0,4.4,24
86,Ajer,DEF,BRE,0.0,9,0.23684210526315788,1.13,717,0.2,0.0,4.4,24
87,Brierley,MID,BRE,0.0,0,0.0,0.0,0,0.1,0.0,4.4,24
97,Konak,MID,BRE,0.0,0,0.0,0.0,19,0.1,0.0,4.4,24
104,Pinnock,DEF,BRE,0.0,16,0.42105263157894735,1.0,1440,0.3,0.0,4.4,24
602,Trevitt,MID,BRE,0.0,0,0.0,0.0,3,0.1,0.0,4.4,24
137,Moder,MID,BRI,1.0,0,0.0,0.0,9,0.6,0.0,4.4,24
628,F.Kadıoğlu,DEF,BRI,1.0,5,0.13157894736842105,1.17,385,0.1,0.0,4.4,24
183,Petrović,GKP,CHE,1.0,0,0.0,0.0,0,0.2,0.0,4.4,24
184,Renato Veiga,MID,CHE,1.0,1,0.02631578947368421,0.51,176,0.1,0.0,4.4,24
189,W.Fofana,DEF,CHE,1.0,12,0.3157894736842105,1.06,1015,0.3,0.0,4.4,24
208,M.França,MID,CRY,0.0,0,0.0,0.0,0,0.2,0.0,4.4,24
644,Umeh-Chibueze,MID,CRY,0.0,0,0.0,0.0,0,0.0,0.0,4.4,24
245,Diop,DEF,FUL,0.0,12,0.3157894736842105,1.01,1066,0.2,0.0,4.4,24
257,Tete,DEF,FUL,1.0,15,0.39473684210526316,1.07,1262,0.2,0.0,4.4,24
287,Choudhury,MID,LEI,1.0,1,0.02631578947368421,0.7,129,2.4,0.0,4.4,24
292,Golding,MID,LEI,0.0,0,0.0,0.0,0,0.2,0.0,4.4,24
293,Hermansen,GKP,LEI,0.25,16,0.42105263157894735,1.03,1395,0.4,0.0,4.4,24
606,Alves,MID,LEI,0.0,0,0.0,0.0,1,0.1,0.0,4.4,24
371,Evans,DEF,MUN,1.0,3,0.07894736842105263,0.94,288,0.1,0.0,4.4,24
400,Hayden,MID,NEW,1.0,0,0.0,0.0,0,0.1,0.0,4.4,24
473,Stewart,FWD,SOU,1.0,1,0.02631578947368421,0.69,130,2.2,0.0,4.4,24
529,N.Aguerd,DEF,WHM,1.0,0,0.0,0.0,0,0.0,0.0,4.4,24
532,Zouma,DEF,WHM,1.0,0,0.0,0.0,0,0.1,0.0,4.4,24
547,Gonzalez,MID,WOL,1.0,0,0.0,0.0,0,0.0,0.0,4.4,24
59,Aarons,DEF,BOU,1.0,1,0.02631578947368421,1.07,84,0.1,0.0,4.3,24
592,J.Araujo,DEF,BOU,1.0,5,0.13157894736842105,1.28,352,0.1,0.0,4.3,24
92,Henry,DEF,BRE,1.0,0,0.0,0.0,3,0.0,0.0,4.3,24
93,Hickey,DEF,BRE,1.0,0,0.0,0.0,0,0.0,0.0,4.3,24
105,Roerslev,DEF,BRE,1.0,11,0.2894736842105263,0.9,1100,0.1,0.0,4.3,24
128,Igor,DEF,BRI,1.0,9,0.23684210526315788,0.9,900,0.1,0.0,4.3,24
173,Kellyman,MID,CHE,1.0,0,0.0,0.0,0,0.1,0.0,4.3,24
195,Chadi Riad,DEF,CRY,1.0,1,0.02631578947368421,1.0,90,0.0,0.0,4.3,24
215,J. Ward,DEF,CRY,1.0,0,0.0,0.0,0,0.1,0.0,4.3,24
367,Bayindir,GKP,MUN,0.0,0,0.0,0.0,0,0.1,0.0,4.3,24
376,Lindelof,DEF,MUN,0.0,0,0.0,0.0,59,0.1,0.0,4.3,24
469,McCarthy,GKP,SOU,0.0,5,0.13157894736842105,1.0,450,0.1,0.0,4.3,24
488,Forster,GKP,TOT,0.0,7,0.18421052631578946,1.0,630,0.5,0.0,4.3,24
542,Dawson,DEF,WOL,0.0,10,0.2631578947368421,0.93,969,0.1,0.0,4.3,24
567,Toti,DEF,WOL,0.0,15,0.39473684210526316,1.07,1263,0.2,0.0,4.3,24
52,Pau,DEF,AST,1.0,18,0.47368421052631576,1.05,1549,0.8,0.0,4.2,24
153,B.Badiashile,DEF,CHE,1.0,2,0.05263157894736842,0.73,247,0.1,0.0,4.2,24
202,Holding,DEF,CRY,0.0,0,0.0,0.0,0,0.1,0.0,4.2,24
440,Omobamidele,DEF,NOT,1.0,0,0.0,0.0,0,0.0,0.0,4.2,24
496,Reguilón,DEF,TOT,0.0,0,0.0,0.0,121,0.2,0.0,4.2,24
591,Todibo,DEF,WHM,1.0,8,0.21052631578947367,0.83,863,0.2,0.0,4.2,24
204,Johnstone,GKP,WOL,0.0,7,0.18421052631578946,1.0,630,0.3,0.0,4.2,24
73,N. Neto,GKP,ARS,0.0,2,0.05263157894736842,1.0,180,0.8,0.0,4.1,24
142,Steele,GKP,BRI,1.0,2,0.05263157894736842,1.0,180,0.9,0.0,4.1,24
302,Ricardo,DEF,LEI,1.0,2,0.05263157894736842,1.23,146,0.1,0.0,4.1,24
5,Hein,GKP,ARS,1.0,0,0.0,0.0,0,0.0,0.0,4.0,24
657,Kacurri,DEF,ARS,0.0,0,0.0,0.0,0,0.1,0.0,4.0,24
658,Heaven,DEF,ARS,0.0,0,0.0,0.0,0,0.1,0.0,4.0,24
662,Nichols,DEF,ARS,0.0,0,0.0,0.0,0,0.0,0.0,4.0,24
39,Gauci,GKP,AST,0.0,0,0.0,0.0,0,0.7,0.0,4.0,24
43,Kesler-Hayden,DEF,AST,1.0,0,0.0,0.0,0,0.0,0.0,4.0,24
46,Marschall,GKP,AST,1.0,0,0.0,0.0,0,0.0,0.0,4.0,24
55,Sinisalo,GKP,AST,1.0,0,0.0,0.0,0,0.0,0.0,4.0,24
56,Sousa,DEF,AST,1.0,0,0.0,0.0,0,0.1,0.0,4.0,24
640,Swinkels,DEF,AST,0.0,0,0.0,0.0,0,0.1,0.0,4.0,24
641,Zych,GKP,AST,0.0,0,0.0,0.0,0,0.6,0.0,4.0,24
75,Paulsen,GKP,BOU,1.0,0,0.0,0.0,0,0.0,0.0,4.0,24
713,Soler,DEF,BOU,1.0,0,0.0,0.0,0,0.0,0.0,4.0,24
649,Meghoma,DEF,BRE,1.0,0,0.0,0.0,4,0.0,0.0,4.0,24
705,Arthur,DEF,BRE,0.0,0,0.0,0.0,0,0.0,0.0,4.0,24
116,Barco,DEF,BRI,1.0,0,0.0,0.0,0,2.2,0.0,4.0,24
139,Offiah,DEF,BRI,1.0,0,0.0,0.0,0,0.1,0.0,4.0,24
615,Rushworth,GKP,BRI,1.0,0,0.0,0.0,0,0.0,0.0,4.0,24
663,Samuels,DEF,BRI,1.0,0,0.0,0.0,0,0.0,0.0,4.0,24
170,Gilchrist,DEF,CHE,1.0,0,0.0,0.0,0,0.0,0.0,4.0,24
575,Wiley,DEF,CHE,1.0,0,0.0,0.0,0,0.0,0.0,4.0,24
666,Kporha,DEF,CRY,0.0,0,0.0,0.0,11,0.0,0.0,4.0,24
225,Holgate,DEF,EVE,1.0,0,0.0,0.0,5,0.2,0.0,4.0,24
250,Mbabu,DEF,FUL,1.0,0,0.0,0.0,0,0.1,0.0,4.0,24
261,Baggott,DEF,IPS,1.0,0,0.0,0.0,0,0.0,0.0,4.0,24
269,Edmundson,DEF,IPS,1.0,0,0.0,0.0,1,0.1,0.0,4.0,24
279,Ndaba,DEF,IPS,1.0,0,0.0,0.0,0,0.0,0.0,4.0,24
303,Souttar,DEF,LEI,1.0,0,0.0,0.0,0,0.0,0.0,4.0,24
616,B. Nelson,DEF,LEI,1.0,0,0.0,0.0,0,0.0,0.0,4.0,24
708,Wilson-Brown,DEF,LEI,0.0,0,0.0,0.0,0,0.0,0.0,4.0,24
332,N.Phillips,DEF,LIV,1.0,0,0.0,0.0,0,0.1,0.0,4.0,24
334,R.Williams,DEF,LIV,1.0,0,0.0,0.0,0,0.0,0.0,4.0,24
344,Carson,GKP,MCI,0.0,0,0.0,0.0,0,0.2,0.0,4.0,24
672,Simpson-Pusey,DEF,MCI,0.0,1,0.02631578947368421,0.95,95,0.0,0.0,4.0,24
675,Wilson-Esbrand,DEF,MCI,1.0,0,0.0,0.0,0,0.0,0.0,4.0,24
703,Alleyne,DEF,MCI,0.0,0,0.0,0.0,0,0.0,0.0,4.0,24
704,Brits,GKP,MCI,0.0,0,0.0,0.0,0,0.0,0.0,4.0,24
670,Amass,DEF,MUN,0.0,0,0.0,0.0,0,0.0,0.0,4.0,24
691,Kukonki,DEF,MUN,0.0,0,0.0,0.0,0,0.0,0.0,4.0,24
390,A.Murphy,DEF,NEW,1.0,0,0.0,0.0,0,0.6,0.0,4.0,24
408,J. Lewis,DEF,NEW,1.0,0,0.0,0.0,0,0.1,0.0,4.0,24
574,Pivas,DEF,NEW,1.0,0,0.0,0.0,0,0.1,0.0,4.0,24
441,Panzo,DEF,NOT,1.0,0,0.0,0.0,0,0.0,0.0,4.0,24
461,Harwood-Bellis,DEF,SOU,0.0,21,0.5526315789473685,1.02,1849,7.1,0.0,4.0,24
465,Lis,GKP,SOU,1.0,0,0.0,0.0,0,0.1,0.0,4.0,24
477,N. Wood,DEF,SOU,1.0,6,0.15789473684210525,0.94,577,1.3,0.0,4.0,24
478,A.Phillips,DEF,TOT,1.0,0,0.0,0.0,0,0.2,0.0,4.0,24
684,Hardy,DEF,TOT,0.0,0,0.0,0.0,0,0.0,0.0,4.0,24
699,Dorrington,DEF,TOT,1.0,0,0.0,0.0,13,0.0,0.0,4.0,24
700,King,DEF,TOT,0.0,0,0.0,0.0,0,0.0,0.0,4.0,24
552,Hoever,DEF,WOL,1.0,0,0.0,0.0,0,0.1,0.0,4.0,24
556,T. King,GKP,WOL,0.0,0,0.0,0.0,0,1.3,0.0,4.0,24
711,Okoduwa,DEF,WOL,0.0,0,0.0,0.0,0,0.0,0.0,4.0,24
40,Hause,DEF,AST,0.0,0,0.0,0.0,0,0.6,0.0,3.9,24
50,Nedeljkovic,DEF,AST,0.0,0,0.0,0.0,114,0.8,0.0,3.9,24
68,Hill,DEF,BOU,1.0,3,0.07894736842105263,1.53,176,0.7,0.0,3.9,24
96,Ji-soo,DEF,BRE,0.0,0,0.0,0.0,27,0.4,0.0,3.9,24
109,Valdimarsson,GKP,BRE,0.0,0,0.0,0.0,54,4.2,0.0,3.9,24
209,Matthews,GKP,CRY,0.0,0,0.0,0.0,0,0.6,0.0,3.9,24
445,Turner,GKP,CRY,0.0,0,0.0,0.0,0,9.4,0.0,3.9,24
294,Iversen,GKP,LEI,0.0,0,0.0,0.0,0,0.9,0.0,3.9,24
308,D. Ward,GKP,LEI,0.0,1,0.02631578947368421,0.67,135,2.1,0.0,3.9,24
374,Heaton,GKP,MUN,0.0,0,0.0,0.0,0,0.2,0.0,3.9,24
460,Edwards,DEF,SOU,1.0,0,0.0,0.0,12,0.3,0.0,3.9,24
464,Larios,DEF,SOU,1.0,0,0.0,0.0,0,0.1,0.0,3.9,24
510,Whiteman,GKP,TOT,0.0,0,0.0,0.0,0,1.3,0.0,3.9,24
536,Bentley,GKP,WOL,0.0,0,0.0,0.0,0,1.6,0.0,3.9,24
558,Mosquera,DEF,WOL,1.0,5,0.13157894736842105,1.02,441,0.4,0.0,3.9,24
561,Pedro Lima,DEF,WOL,0.0,1,0.02631578947368421,1.55,58,1.4,0.0,3.9,24
637,Meupiyou,DEF,WOL,0.0,0,0.0,0.0,0,0.2,0.0,3.9,24
664,Pond,DEF,WOL,0.0,0,0.0,0.0,1,0.9,0.0,3.9,24
714,Gómez,MID,BRI,0.0,0,0.0,0.0,1,0.0,-0.2,5.5,24
80,Sinisterra,MID,BOU,0.5,1,0.02631578947368421,0.44,203,0.1,-0.2,4.8,24
221,Coleman,DEF,EVE,0.75,2,0.05263157894736842,0.92,196,0.0,-0.2,4.3,24
126,Hinshelwood,MID,BRI,0.0,10,0.2631578947368421,1.05,854,0.0,-0.3,4.9,24
687,Winterburn,MID,BOU,0.0,0,0.0,0.0,9,0.0,-0.3,4.5,24
707,Rees-Dottin,FWD,BOU,0.0,0,0.0,0.0,1,0.1,-0.3,4.5,24
701,Orford,MID,WHM,0.0,0,0.0,0.0,34,0.0,-0.3,4.5,24
467,Manning,DEF,SOU,0.0,10,0.2631578947368421,1.18,760,0.1,-0.3,4.3,24
476,Walker-Peters,DEF,SOU,0.0,21,0.5526315789473685,1.01,1870,0.3,-0.3,4.3,24
474,Sugawara,DEF,SOU,0.0,13,0.34210526315789475,1.02,1151,0.2,-0.3,4.2,24
516,Coufal,DEF,WHM,0.0,7,0.18421052631578946,0.96,658,0.4,-0.3,4.2,24
514,Bowen,MID,WHM,0.25,19,0.5,1.03,1656,2.6,-0.4,7.3,24
123,Ferguson,FWD,BRI,0.25,2,0.05263157894736842,0.83,217,0.2,-0.4,5.5,24
258,Vinicius,FWD,FUL,0.0,0,0.0,0.0,3,0.3,-0.5,5.0,24
254,Reed,MID,FUL,0.0,0,0.0,0.0,54,0.0,-0.5,4.7,24
518,Downes,MID,SOU,0.0,17,0.4473684210526316,1.07,1431,0.0,-0.5,4.7,24
722,Adu-Adjei,FWD,BOU,0.0,0,0.0,0.0,0,0.0,-0.5,4.5,24
723,Sadi,MID,BOU,0.0,0,0.0,0.0,0,0.0,-0.5,4.5,24
693,O'Brien-Whitmarsh,MID,SOU,0.0,0,0.0,0.0,0,0.0,-0.5,4.5,24
140,Peupion,MID,BRI,0.0,0,0.0,0.0,0,0.1,-0.5,4.4,24
586,J.Cuenca,DEF,FUL,0.0,1,0.02631578947368421,0.97,93,0.0,-0.5,4.4,24
605,Godo,MID,FUL,0.0,0,0.0,0.0,14,0.0,-0.5,4.4,24
451,Amo-Ameyaw,MID,SOU,0.0,0,0.0,0.0,26,0.1,-0.5,4.4,24
454,Bazunu,GKP,SOU,0.0,0,0.0,0.0,0,0.1,-0.5,4.3,24
522,Foderingham,GKP,WHM,0.0,0,0.0,0.0,0,0.1,-0.5,4.3,24
579,Sessegnon,DEF,FUL,0.0,0,0.0,0.0,5,0.1,-0.5,4.1,24
599,W. Dennis,GKP,BOU,0.0,0,0.0,0.0,0,0.3,-0.5,4.0,24
680,Kinsey,DEF,BOU,0.0,0,0.0,0.0,0,0.0,-0.5,4.0,24
702,A. Harris,DEF,BOU,0.0,0,0.0,0.0,0,0.0,-0.5,4.0,24
712,Akinmboni,DEF,BOU,0.0,0,0.0,0.0,0,0.0,-0.5,4.0,24
727,McKenna,GKP,BOU,0.0,0,0.0,0.0,0,0.0,-0.5,4.0,24
681,McConville,DEF,BRI,0.0,0,0.0,0.0,0,0.0,-0.5,4.0,24
685,Slater,DEF,BRI,0.0,0,0.0,0.0,0,0.0,-0.5,4.0,24
690,Amissah,DEF,FUL,0.0,0,0.0,0.0,0,0.0,-0.5,4.0,24
466,Lumley,GKP,SOU,0.0,3,0.07894736842105263,1.0,270,0.6,-0.5,4.0,24
472,Stephens,DEF,SOU,0.0,10,0.2631578947368421,1.13,793,0.4,-0.5,4.0,24
718,Welington,DEF,SOU,0.0,0,0.0,0.0,0,0.0,-0.5,4.0,24
719,Kayi Sanda,DEF,SOU,0.0,0,0.0,0.0,0,0.0,-0.5,4.0,24
643,Casey,DEF,WHM,0.0,0,0.0,0.0,1,0.2,-0.5,4.0,24
686,Mayers,DEF,WHM,0.0,0,0.0,0.0,0,0.0,-0.5,4.0,24
668,Cahill,GKP,BRI,0.0,0,0.0,0.0,0,1.2,-0.5,3.9,24
242,Benda,GKP,FUL,0.0,0,0.0,0.0,0,0.4,-0.5,3.9,24
456,Bella-Kotchap,DEF,SOU,0.0,0,0.0,0.0,0,0.4,-0.5,3.9,24
224,Harrison,MID,EVE,0.0,12,0.3157894736842105,1.09,993,0.1,-0.6,5.2,24
223,Garner,MID,EVE,0.0,2,0.05263157894736842,0.68,263,0.0,-0.6,4.9,24
603,H. Armstrong,MID,EVE,0.0,0,0.0,0.0,47,0.2,-0.6,4.4,24
228,Keane,DEF,EVE,0.0,9,0.23684210526315788,1.0,812,4.7,-0.6,3.9,24
528,Mavropanos,DEF,WHM,0.0,15,0.39473684210526316,0.98,1384,0.1,-0.7,4.3,24
475,C. Taylor,DEF,SOU,0.0,2,0.05263157894736842,0.68,263,4.3,-0.7,3.9,24
226,Iroegbunam,MID,EVE,0.25,4,0.10526315789473684,0.94,381,0.4,-0.8,4.3,24
678,Bates,MID,EVE,0.0,0,0.0,0.0,0,0.0,-1.0,4.5,24
724,Sherif,FWD,EVE,0.0,0,0.0,0.0,0,0.1,-1.0,4.5,24
624,Begovic,GKP,EVE,0.0,0,0.0,0.0,0,0.2,-1.0,4.0,24
627,Dixon,DEF,EVE,0.0,1,0.02631578947368421,1.0,90,0.1,-1.0,4.0,24
227,J.Virginia,GKP,EVE,0.0,0,0.0,0.0,0,0.6,-1.0,3.9,24
