id,name,position,team,prob_injury,starts,starts_perc,starts_per_90,minutes,selected_by_percent,ep_next,now_cost,gw
742,Moyes,,EVE,0.0,0,0.0,0.0,0,14.2,12.2,0.5,26
753,Silva,,FUL,0.0,0,0.0,0.0,0,1.1,12.0,1.1,26
328,M.Salah,MID,LIV,0.0,26,0.6842105263157895,1.02,2300,71.9,11.9,13.7,26
74,O.Dango,MID,BOU,0.0,13,0.34210526315789475,0.89,1322,5.2,10.5,5.1,26
735,Arteta,,ARS,0.0,0,0.0,0.0,0,9.1,10.5,1.5,26
447,C. Wood,FWD,NOT,0.0,24,0.631578947368421,1.08,2004,44.9,9.3,7.1,26
744,Slot,,LIV,0.0,0,0.0,0.0,0,31.5,8.1,1.5,26
218,Beto,FWD,EVE,0.0,4,0.10526315789473684,0.63,571,3.6,7.8,4.9,26
738,Iraola,,BOU,0.0,0,0.0,0.0,0,8.2,7.8,1.1,26
433,Gibbs-White,MID,NOT,0.0,21,0.5526315789473685,1.14,1661,5.2,7.7,6.5,26
739,Hürzeler,,BRI,0.0,0,0.0,0.0,0,2.8,7.5,1.1,26
207,Mateta,FWD,CRY,0.0,23,0.6052631578947368,1.06,1949,9.1,7.3,7.3,26
106,Schade,MID,BRE,0.0,13,0.34210526315789475,0.95,1227,1.3,7.3,5.1,26
351,Haaland,FWD,MCI,0.0,25,0.6578947368421053,1.02,2210,27.2,7.2,14.7,26
71,Kluivert,MID,BOU,0.0,20,0.5263157894736842,1.12,1604,28.8,7.2,6.0,26
15,Raya,GKP,ARS,0.0,25,0.6578947368421053,1.0,2250,26.4,6.8,5.5,26
736,Guardiola,,MCI,0.0,0,0.0,0.0,0,1.1,6.8,1.5,26
749,Postecoglou,,TOT,0.0,0,0.0,0.0,0,0.8,6.7,1.1,26
755,Marmoush,FWD,MCI,0.0,3,0.07894736842105263,1.23,219,7.1,6.5,7.1,26
236,Tarkowski,DEF,EVE,0.0,25,0.6578947368421053,1.0,2241,3.1,6.5,4.8,26
751,Pereira,,WOL,0.0,0,0.0,0.0,0,0.6,6.5,0.8,26
18,Saliba,DEF,ARS,0.0,23,0.6052631578947368,1.03,2009,22.3,6.2,6.2,26
135,Minteh,MID,BRI,0.0,9,0.23684210526315788,0.88,919,1.0,6.2,5.0,26
63,Christie,MID,BOU,0.0,22,0.5789473684210527,1.08,1837,0.2,6.2,4.9,26
268,Delap,FWD,IPS,0.0,23,0.6052631578947368,1.12,1844,3.6,6.0,5.6,26
495,Pedro Porro,DEF,TOT,0.0,22,0.5789473684210527,0.95,2076,20.6,6.0,5.4,26
504,Spence,DEF,TOT,0.0,8,0.21052631578947367,0.94,770,0.4,6.0,4.4,26
16,Rice,MID,ARS,0.0,21,0.5526315789473685,1.03,1829,2.8,5.8,6.2,26
347,Ederson M.,GKP,MCI,0.0,16,0.42105263157894735,1.0,1440,4.7,5.8,5.3,26
12,Nwaneri,MID,ARS,0.0,4,0.10526315789473684,0.97,371,3.9,5.8,4.6,26
401,Isak,FWD,NEW,0.0,23,0.6052631578947368,1.1,1889,57.9,5.7,9.5,26
432,Elanga,MID,NOT,0.0,19,0.5,1.11,1545,6.4,5.7,5.3,26
752,Frank,,BRE,0.0,0,0.0,0.0,0,2.3,5.7,0.8,26
311,Alexander-Arnold,DEF,LIV,0.0,23,0.6052631578947368,1.1,1890,32.7,5.5,7.4,26
541,Cunha,FWD,WOL,0.0,22,0.5789473684210527,1.01,1965,10.4,5.5,6.8,26
3,Gabriel,DEF,ARS,0.0,23,0.6052631578947368,1.04,1988,29.6,5.5,6.3,26
78,Semenyo,MID,BOU,0.0,24,0.631578947368421,1.03,2106,9.1,5.5,5.7,26
402,J.Murphy,MID,NEW,0.0,18,0.47368421052631576,1.14,1427,4.1,5.3,5.1,26
211,Muñoz,DEF,CRY,0.0,24,0.631578947368421,1.04,2074,7.7,5.3,4.8,26
88,Collins,DEF,BRE,0.0,25,0.6578947368421053,1.0,2250,2.7,5.3,4.5,26
747,Nuno,,NOT,0.0,0,0.0,0.0,0,1.4,5.3,1.1,26
633,Merino,MID,ARS,0.0,8,0.21052631578947367,0.92,780,0.6,5.2,6.0,26
20,Partey,MID,ARS,0.0,21,0.5526315789473685,0.98,1925,0.8,5.2,4.9,26
503,Son,MID,TOT,0.0,20,0.5263157894736842,1.08,1669,4.6,5.0,9.7,26
252,Raúl,FWD,FUL,0.0,20,0.5263157894736842,1.13,1592,8.6,5.0,5.6,26
219,Branthwaite,DEF,EVE,0.0,16,0.42105263157894735,1.0,1446,1.6,5.0,4.8,26
336,Szoboszlai,MID,LIV,0.0,19,0.5,0.99,1723,2.6,4.9,6.3,26
136,Mitoma,MID,BRI,0.0,22,0.5789473684210527,1.0,1977,8.3,4.8,6.4,26
83,Tavernier,MID,BOU,0.0,13,0.34210526315789475,0.98,1195,0.2,4.8,5.4,26
60,Adams,MID,BOU,0.0,10,0.2631578947368421,0.95,951,0.1,4.8,4.9,26
535,Bellegarde,MID,WOL,0.0,11,0.2894736842105263,1.01,985,0.1,4.8,4.9,26
58,Watkins,FWD,AST,0.0,22,0.5789473684210527,1.09,1819,20.7,4.7,8.9,26
327,Luis Díaz,MID,LIV,0.0,19,0.5,1.07,1591,16.9,4.7,7.5,26
437,N.Williams,DEF,NOT,0.0,15,0.39473684210526316,0.95,1418,2.2,4.7,4.4,26
6,J.Timber,DEF,ARS,0.0,21,0.5526315789473685,1.02,1845,4.6,4.5,5.6,26
235,Pickford,GKP,EVE,0.0,25,0.6578947368421053,1.0,2250,18.2,4.5,5.1,26
452,Aribo,MID,SOU,0.0,16,0.42105263157894735,0.93,1544,0.1,4.5,4.9,26
152,Arrizabalaga,GKP,BOU,0.0,18,0.47368421052631576,1.0,1620,2.9,4.5,4.6,26
19,Smith Rowe,MID,FUL,0.0,19,0.5,1.13,1513,9.1,4.3,5.2,26
91,Flekken,GKP,BRE,0.0,24,0.631578947368421,1.03,2105,9.2,4.3,4.4,26
23,Trossard,MID,ARS,0.0,17,0.4473684210526316,0.99,1539,3.6,4.2,6.9,26
350,Gvardiol,DEF,MCI,0.0,23,0.6052631578947368,0.98,2108,18.5,4.2,5.9,26
148,Welbeck,FWD,BRI,0.0,17,0.4473684210526316,1.07,1436,6.5,4.2,5.5,26
470,Onuachu,FWD,SOU,0.0,7,0.18421052631578946,1.0,628,0.4,4.2,4.9,26
99,Mbeumo,MID,BRE,0.0,25,0.6578947368421053,1.0,2245,37.0,4.0,7.9,26
417,Tonali,MID,NEW,0.0,16,0.42105263157894735,0.93,1547,0.5,4.0,5.5,26
306,Vardy,FWD,LEI,0.0,23,0.6052631578947368,1.11,1866,5.3,4.0,5.4,26
89,Damsgaard,MID,BRE,0.0,22,0.5789473684210527,1.05,1882,1.4,4.0,5.0,26
443,Sels,GKP,NOT,0.0,25,0.6578947368421053,1.0,2250,17.6,4.0,5.0,26
635,El Khannouss,MID,LEI,0.0,15,0.39473684210526316,1.14,1180,0.2,4.0,4.8,26
241,Bassey,DEF,FUL,0.0,24,0.631578947368421,1.0,2160,0.6,4.0,4.5,26
484,B. Davies,DEF,TOT,0.0,7,0.18421052631578946,1.0,630,0.2,4.0,4.3,26
737,Emery,,AST,0.0,0,0.0,0.0,0,18.5,4.0,0.8,26
741,Glasner,,CRY,0.0,0,0.0,0.0,0,3.7,4.0,0.8,26
329,Mac Allister,MID,LIV,0.0,23,0.6052631578947368,1.1,1889,1.9,3.9,6.2,26
182,C. Palmer,MID,CHE,0.0,25,0.6578947368421053,1.03,2190,61.0,3.8,11.1,26
321,Gakpo,FWD,LIV,0.25,16,0.42105263157894735,1.06,1361,14.7,3.8,7.6,26
560,P. Neto,MID,CHE,0.0,12,0.3157894736842105,0.91,1187,0.6,3.8,6.2,26
462,Kamaldeen,MID,SOU,0.0,4,0.10526315789473684,0.94,382,0.0,3.8,5.0,26
146,Verbruggen,GKP,BRI,0.0,23,0.6052631578947368,1.0,2070,2.8,3.8,4.5,26
231,Mykolenko,DEF,EVE,0.0,23,0.6052631578947368,1.03,2002,8.8,3.8,4.4,26
520,Emerson,DEF,WHM,0.0,22,0.5789473684210527,1.18,1675,0.6,3.8,4.4,26
310,A.Becker,GKP,LIV,0.0,18,0.47368421052631576,1.01,1608,9.3,3.7,5.5,26
290,De Cordova-Reid,MID,LEI,0.0,5,0.13157894736842105,0.87,516,0.1,3.7,5.2,26
383,Andre Onana,GKP,MUN,0.0,25,0.6578947368421053,1.0,2250,6.0,3.7,5.0,26
200,Guéhi,DEF,CRY,0.0,24,0.631578947368421,1.0,2160,8.7,3.7,4.6,26
650,Lacroix,DEF,CRY,0.0,22,0.5789473684210527,1.0,1975,0.8,3.7,4.5,26
743,McKenna,,IPS,0.0,0,0.0,0.0,0,0.9,3.7,0.5,26
348,Foden,MID,MCI,0.0,16,0.42105263157894735,1.0,1437,7.3,3.5,9.3,26
13,Ødegaard,MID,ARS,0.0,16,0.42105263157894735,1.05,1371,5.1,3.5,8.2,26
514,Bowen,MID,WHM,0.0,21,0.5526315789473685,1.03,1836,3.0,3.5,7.3,26
578,Calafiori,DEF,ARS,0.0,8,0.21052631578947367,0.94,764,1.3,3.5,5.8,26
70,Kerkez,DEF,BOU,0.0,25,0.6578947368421053,1.03,2177,14.9,3.5,5.0,26
450,Alcaraz,MID,EVE,0.0,1,0.02631578947368421,0.84,107,0.1,3.5,4.9,26
582,J. O'Brien,DEF,EVE,0.0,5,0.13157894736842105,0.92,488,0.2,3.5,4.5,26
740,Maresca,,CHE,0.0,0,0.0,0.0,0,0.7,3.5,1.5,26
494,Maddison,MID,TOT,0.0,16,0.42105263157894735,1.06,1356,4.6,3.3,7.4,26
57,Tielemans,MID,AST,0.0,26,0.6842105263157895,1.05,2221,1.3,3.3,5.5,26
251,Muniz,FWD,FUL,0.0,5,0.13157894736842105,0.67,670,1.5,3.3,5.5,26
369,Dalot,DEF,MUN,0.0,24,0.631578947368421,1.02,2126,5.5,3.3,5.0,26
377,Maguire,DEF,MUN,0.0,13,0.34210526315789475,1.0,1174,0.6,3.3,4.9,26
594,Mazraoui,DEF,MUN,0.0,23,0.6052631578947368,1.08,1922,9.0,3.3,4.3,26
746,Howe,,NEW,0.0,0,0.0,0.0,0,0.5,3.3,1.5,26
571,Savinho,MID,MCI,0.0,15,0.39473684210526316,1.07,1257,2.4,3.2,6.2,26
62,Brooks,MID,BOU,0.0,7,0.18421052631578946,1.0,627,0.0,3.2,4.9,26
597,Lewis-Skelly,MID,ARS,0.0,8,0.21052631578947367,1.15,624,0.4,3.2,4.5,26
580,Huijsen,DEF,BOU,0.0,14,0.3684210526315789,0.95,1330,4.8,3.2,4.5,26
85,Zabarnyi,DEF,BOU,0.0,25,0.6578947368421053,1.0,2250,0.7,3.2,4.4,26
335,Robertson,DEF,LIV,0.0,23,0.6052631578947368,1.09,1896,4.3,3.1,5.9,26
326,Konaté,DEF,LIV,0.0,19,0.5,1.05,1624,7.4,3.1,5.2,26
508,Vicario,GKP,TOT,0.0,13,0.34210526315789475,1.0,1170,1.7,3.0,4.8,26
239,Adama,MID,FUL,0.0,13,0.34210526315789475,0.96,1213,1.7,3.0,4.6,26
201,Henderson,GKP,CRY,0.0,25,0.6578947368421053,1.0,2250,12.5,3.0,4.5,26
481,Bergvall,MID,TOT,0.0,6,0.15789473684210525,0.82,660,1.1,3.0,4.4,26
745,Amorim,,MUN,0.0,0,0.0,0.0,0,1.2,3.0,0.8,26
168,Enzo,MID,CHE,0.0,19,0.5,0.96,1777,3.5,2.8,4.7,26
533,Aït-Nouri,DEF,WOL,0.0,24,0.631578947368421,1.06,2046,4.9,2.8,4.7,26
144,Van Hecke,DEF,BRI,0.0,22,0.5789473684210527,1.01,1970,0.9,2.8,4.5,26
131,Lamptey,DEF,BRI,0.0,7,0.18421052631578946,1.04,606,0.4,2.8,4.4,26
145,Veltman,DEF,BRI,0.0,19,0.5,1.04,1642,1.7,2.8,4.4,26
147,Webster,DEF,BRI,0.0,4,0.10526315789473684,1.41,255,0.1,2.8,4.3,26
554,José Sá,GKP,WOL,0.0,18,0.47368421052631576,1.0,1620,1.9,2.8,4.3,26
748,Jurić,,SOU,0.0,0,0.0,0.0,0,0.1,2.8,0.5,26
750,Potter,,WHM,0.0,0,0.0,0.0,0,0.5,2.8,0.5,26
398,Gordon,MID,NEW,0.0,23,0.6052631578947368,1.07,1927,15.2,2.7,7.5,26
492,Kulusevski,MID,TOT,0.0,23,0.6052631578947368,1.02,2038,4.7,2.7,6.3,26
596,Jota Silva,MID,NOT,0.0,4,0.10526315789473684,0.52,699,0.1,2.7,5.9,26
53,Ramsey,MID,AST,0.0,12,0.3157894736842105,1.01,1066,0.5,2.7,5.4,26
422,Aina,DEF,NOT,0.0,25,0.6578947368421053,1.04,2171,28.7,2.7,5.4,26
274,Hutchinson,MID,IPS,0.0,23,0.6052631578947368,1.06,1957,0.3,2.7,5.2,26
255,Robinson,DEF,FUL,0.0,25,0.6578947368421053,1.0,2250,26.0,2.7,5.1,26
323,Gravenberch,MID,LIV,0.0,26,0.6842105263157895,1.05,2225,0.8,2.7,5.0,26
730,Esse,MID,CRY,0.0,0,0.0,0.0,7,0.1,2.7,4.9,26
480,Bentancur,MID,TOT,0.0,12,0.3157894736842105,1.15,942,0.1,2.7,4.9,26
210,Mitchell,DEF,CRY,0.0,25,0.6578947368421053,1.05,2148,1.8,2.7,4.8,26
499,P.M.Sarr,MID,TOT,0.0,15,0.39473684210526316,1.06,1273,0.2,2.7,4.8,26
716,Kinsky,GKP,TOT,0.0,4,0.10526315789473684,1.0,360,0.2,2.7,4.5,26
86,Ajer,DEF,BRE,0.0,11,0.2894736842105263,1.12,882,0.2,2.7,4.4,26
194,C.Richards,DEF,CRY,0.0,12,0.3157894736842105,1.01,1066,0.2,2.7,4.4,26
270,Greaves,DEF,IPS,0.0,15,0.39473684210526316,1.0,1350,4.5,2.7,3.9,26
754,Van Nistelrooy,,LEI,0.0,0,0.0,0.0,0,0.7,2.7,0.5,26
763,Cashin,DEF,BRI,0.0,0,0.0,0.0,0,0.0,2.6,4.5,26
339,Virgil,DEF,LIV,0.0,26,0.6842105263157895,1.0,2340,22.5,2.5,6.4,26
618,Georginio,MID,BRI,0.0,15,0.39473684210526316,1.01,1334,0.5,2.5,5.1,26
217,A.Doucoure,MID,EVE,0.0,21,0.5526315789473685,1.07,1771,0.3,2.5,5.1,26
223,Garner,MID,EVE,0.0,5,0.13157894736842105,0.87,520,0.0,2.5,4.9,26
559,N.Semedo,DEF,WOL,0.0,20,0.5263157894736842,1.01,1789,0.2,2.5,4.5,26
455,Bednarek,DEF,SOU,0.0,21,0.5526315789473685,1.01,1872,3.1,2.5,4.0,26
764,A. Palmer,GKP,IPS,0.0,1,0.02631578947368421,1.0,90,0.0,2.4,4.5,26
317,Diogo J.,MID,LIV,0.0,9,0.23684210526315788,1.08,752,2.6,2.3,7.2,26
372,Garnacho,MID,MUN,0.0,14,0.3684210526315789,0.9,1403,4.7,2.3,5.9,26
585,I.Sarr,MID,CRY,0.0,18,0.47368421052631576,0.97,1678,1.8,2.3,5.6,26
423,Anderson,MID,NOT,0.0,20,0.5263157894736842,1.1,1632,0.3,2.3,5.0,26
573,Milenković,DEF,NOT,0.0,24,0.631578947368421,1.0,2160,8.0,2.3,4.8,26
625,Gündogan,MID,MCI,0.0,16,0.42105263157894735,1.01,1424,0.4,2.2,6.3,26
386,Sancho,MID,CHE,0.0,13,0.34210526315789475,0.99,1178,1.0,2.2,6.2,26
768,Tel,MID,TOT,0.0,1,0.02631578947368421,1.0,90,0.2,2.2,6.0,26
64,Cook,MID,BOU,0.0,22,0.5789473684210527,0.97,2031,0.2,2.2,5.0,26
565,Sarabia,MID,WOL,0.0,6,0.15789473684210525,1.15,468,0.1,2.2,5.0,26
356,Matheus N.,MID,MCI,0.0,10,0.2631578947368421,1.01,890,0.1,2.2,4.9,26
222,Gana,MID,EVE,0.0,22,0.5789473684210527,1.03,1922,0.5,2.2,4.8,26
543,Doherty,DEF,WOL,0.0,14,0.3684210526315789,1.01,1247,0.3,2.2,4.3,26
567,Toti,DEF,WOL,0.0,17,0.4473684210526316,1.06,1443,0.2,2.2,4.3,26
581,Jørgensen,GKP,CHE,0.0,4,0.10526315789473684,1.0,360,0.4,2.2,4.2,26
513,Areola,GKP,WHM,0.0,13,0.34210526315789475,0.99,1179,3.8,2.2,4.2,26
766,Dorgu,DEF,MUN,0.0,1,0.02631578947368421,1.0,90,0.1,2.1,4.5,26
767,Danso,DEF,TOT,0.0,1,0.02631578947368421,1.17,77,0.0,2.1,4.5,26
366,B.Fernandes,MID,MUN,0.0,24,0.631578947368421,1.07,2015,8.2,2.0,8.3,26
110,Wissa,FWD,BRE,0.0,21,0.5526315789473685,1.08,1751,13.0,2.0,6.3,26
247,Iwobi,MID,FUL,0.0,25,0.6578947368421053,1.07,2108,5.4,2.0,5.7,26
192,J.Ayew,MID,LEI,0.0,14,0.3684210526315789,1.0,1257,0.2,2.0,5.2,26
98,Lewis-Potter,MID,BRE,0.0,23,0.6052631578947368,1.03,2007,0.1,2.0,5.0,26
577,Lindstrøm,MID,EVE,0.0,12,0.3157894736842105,1.06,1018,0.1,2.0,5.0,26
248,Leno,GKP,FUL,0.0,25,0.6578947368421053,1.0,2250,2.7,2.0,5.0,26
622,Berge,MID,FUL,0.0,14,0.3684210526315789,0.96,1316,0.0,2.0,5.0,26
203,Hughes,MID,CRY,0.0,17,0.4473684210526316,1.03,1490,0.1,2.0,4.9,26
101,Nørgaard,MID,BRE,0.0,22,0.5789473684210527,1.11,1785,0.2,2.0,4.8,26
206,Lerma,MID,CRY,0.0,16,0.42105263157894735,1.08,1336,0.0,2.0,4.8,26
249,Lukić,MID,FUL,0.0,19,0.5,1.08,1586,0.1,2.0,4.8,26
436,Murillo,DEF,NOT,0.0,24,0.631578947368421,1.02,2118,3.5,2.0,4.7,26
489,Gray,MID,TOT,0.0,10,0.2631578947368421,0.92,975,0.2,2.0,4.6,26
653,Morato,DEF,NOT,0.0,4,0.10526315789473684,0.61,590,0.1,2.0,4.5,26
285,B.Soumaré,MID,LEI,0.0,14,0.3684210526315789,0.98,1281,0.4,2.0,4.4,26
244,Castagne,DEF,FUL,0.0,10,0.2631578947368421,0.91,988,1.7,2.0,4.2,26
324,Jones,MID,LIV,0.0,11,0.2894736842105263,0.95,1038,0.3,1.9,5.3,26
186,Sterling,MID,ARS,0.0,4,0.10526315789473684,1.28,281,0.8,1.8,6.7,26
181,Nkunku,MID,CHE,0.0,4,0.10526315789473684,0.67,536,2.0,1.8,5.7,26
163,Cucurella,DEF,CHE,0.0,21,0.5526315789473685,1.0,1895,6.0,1.8,5.1,26
115,Baleba,MID,BRI,0.0,19,0.5,1.07,1603,0.1,1.8,5.0,26
772,Willian,MID,FUL,0.0,0,0.0,0.0,1,0.0,1.8,5.0,26
642,André,MID,WOL,0.0,18,0.47368421052631576,1.16,1401,0.0,1.8,5.0,26
126,Hinshelwood,MID,BRI,0.0,12,0.3157894736842105,1.11,972,0.0,1.8,4.9,26
157,Caicedo,MID,CHE,0.0,25,0.6578947368421053,1.03,2189,1.1,1.8,4.9,26
238,A. Young,DEF,EVE,0.0,17,0.4473684210526316,1.02,1499,2.4,1.8,4.6,26
357,McAtee,MID,MCI,0.0,0,0.0,0.0,98,0.1,1.8,4.6,26
774,Anselmino,DEF,CHE,0.0,0,0.0,0.0,0,0.0,1.8,4.0,26
457,Bree,DEF,SOU,0.0,9,0.23684210526315788,1.08,751,0.5,1.8,3.9,26
385,Rashford,MID,AST,0.0,13,0.34210526315789475,1.08,1086,4.4,1.7,6.6,26
394,Bruno G.,MID,NEW,0.0,25,0.6578947368421053,1.04,2160,2.1,1.7,6.1,26
762,M.Asensio,MID,AST,0.0,1,0.02631578947368421,0.97,93,0.3,1.7,6.0,26
765,N.Gonzalez,MID,MCI,0.0,1,0.02631578947368421,1.0,90,0.0,1.7,6.0,26
205,Kamada,MID,CRY,0.0,10,0.2631578947368421,0.97,927,0.1,1.7,5.1,26
240,Andreas,MID,FUL,0.0,16,0.42105263157894735,1.13,1277,0.9,1.7,4.9,26
429,Danilo,MID,NOT,0.0,3,0.07894736842105263,1.93,140,0.0,1.7,4.7,26
771,Amougou,MID,CHE,0.0,0,0.0,0.0,0,0.0,1.7,4.5,26
409,Livramento,DEF,NEW,0.0,19,0.5,1.01,1687,1.7,1.7,4.5,26
396,Dúbravka,GKP,NEW,0.0,10,0.2631578947368421,1.0,900,3.0,1.7,4.3,26
442,Sangaré,MID,NOT,0.0,3,0.07894736842105263,1.09,247,1.2,1.7,4.3,26
191,Andersen,DEF,FUL,0.0,17,0.4473684210526316,1.02,1503,3.8,1.7,4.2,26
769,Djiga,DEF,WOL,0.0,0,0.0,0.0,0,0.0,1.6,4.5,26
316,Darwin,FWD,LIV,0.0,7,0.18421052631578946,0.71,887,2.1,1.5,7.0,26
525,Kudus,MID,WHM,0.0,20,0.5263157894736842,1.09,1653,2.3,1.5,6.2,26
629,O'Riley,MID,BRI,0.0,5,0.13157894736842105,0.96,468,0.0,1.5,5.5,26
129,João Pedro,FWD,BRI,0.0,16,0.42105263157894735,1.06,1357,11.0,1.5,5.4,26
47,E. Martinez,GKP,AST,0.0,26,0.6842105263157895,1.02,2295,12.3,1.5,5.0,26
600,Ayari,MID,BRI,0.0,14,0.3684210526315789,0.99,1270,0.0,1.5,5.0,26
732,Khusanov,DEF,MCI,0.0,2,0.05263157894736842,1.26,143,0.1,1.5,5.0,26
511,Álvarez,MID,WHM,0.0,15,0.39473684210526316,1.02,1318,0.1,1.5,5.0,26
171,Gusto,DEF,CHE,0.0,15,0.39473684210526316,0.99,1361,1.5,1.5,4.9,26
172,James,DEF,CHE,0.0,6,0.15789473684210525,1.07,507,0.8,1.5,4.8,26
36,Digne,DEF,AST,0.0,23,0.6052631578947368,1.09,1892,8.3,1.5,4.6,26
69,Jebbison,FWD,BOU,0.0,0,0.0,0.0,55,1.2,1.5,4.5,26
159,Chalobah,DEF,CHE,0.0,15,0.39473684210526316,1.01,1331,1.2,1.5,4.4,26
162,Colwill,DEF,CHE,0.0,23,0.6052631578947368,1.0,2070,2.9,1.5,4.4,26
355,R. Lewis,DEF,MCI,0.0,17,0.4473684210526316,1.03,1490,4.4,1.5,4.4,26
226,Iroegbunam,MID,EVE,0.0,4,0.10526315789473684,0.89,406,0.6,1.5,4.3,26
375,Højlund,FWD,MUN,0.0,14,0.3684210526315789,1.05,1196,1.0,1.3,6.9,26
199,Eze,MID,CRY,0.0,19,0.5,1.03,1656,7.6,1.3,6.7,26
389,Zirkzee,FWD,MUN,0.0,9,0.23684210526315788,0.84,959,1.5,1.3,6.5,26
770,Munetsi,MID,WOL,0.0,0,0.0,0.0,45,0.0,1.3,5.0,26
94,Janelt,MID,BRE,0.0,21,0.5526315789473685,1.06,1791,0.2,1.3,4.9,26
278,Morsy,MID,IPS,0.0,21,0.5526315789473685,0.99,1902,0.1,1.3,4.9,26
593,De Ligt,DEF,MUN,0.0,19,0.5,1.05,1635,3.2,1.3,4.9,26
482,Bissouma,MID,TOT,0.0,12,0.3157894736842105,1.04,1041,0.2,1.3,4.8,26
619,Cajuste,MID,IPS,0.0,15,0.39473684210526316,1.2,1122,0.2,1.3,4.5,26
49,Mings,DEF,AST,0.0,6,0.15789473684210525,0.86,631,0.2,1.3,4.4,26
777,Fredricson,DEF,MUN,0.0,0,0.0,0.0,0,0.0,1.3,4.0,26
714,Gómez,MID,BRI,0.0,0,0.0,0.0,62,0.0,1.2,5.5,26
548,Guedes,MID,WOL,0.0,7,0.18421052631578946,0.87,728,0.1,1.2,5.3,26
224,J. Harrison,MID,EVE,0.0,13,0.34210526315789475,1.02,1150,0.1,1.2,5.2,26
113,Adingra,MID,BRI,0.0,6,0.15789473684210525,0.91,591,0.3,1.2,5.1,26
623,M.Fernandes,MID,SOU,0.0,21,0.5526315789473685,1.03,1830,0.0,1.2,5.0,26
654,C.Soler,MID,WHM,0.0,12,0.3157894736842105,1.05,1030,0.0,1.2,5.0,26
185,Sánchez,GKP,CHE,0.0,21,0.5526315789473685,1.0,1890,8.4,1.2,4.6,26
775,Coby Ebere,MID,EVE,0.0,0,0.0,0.0,0,0.0,1.2,4.5,26
778,Moorhouse,MID,MUN,0.0,0,0.0,0.0,0,0.0,1.2,4.5,26
779,Koné,MID,MUN,0.0,0,0.0,0.0,0,0.0,1.2,4.5,26
14,Ramsdale,GKP,SOU,0.0,17,0.4473684210526316,1.0,1530,1.2,1.2,4.4,26
188,Ugochukwu,MID,SOU,0.0,7,0.18421052631578946,0.8,786,0.4,1.2,4.4,26
21,Tierney,DEF,ARS,0.0,0,0.0,0.0,17,0.0,1.2,4.3,26
524,Kilman,DEF,WHM,0.0,25,0.6578947368421053,1.03,2178,1.1,1.2,4.3,26
187,Tosin,DEF,CHE,0.0,9,0.23684210526315788,0.99,820,0.3,1.2,4.2,26
320,Endo,MID,LIV,0.0,0,0.0,0.0,99,0.1,1.1,4.6,26
776,Obi,FWD,MUN,0.0,0,0.0,0.0,1,0.0,1.1,4.5,26
54,Rogers,MID,AST,0.0,25,0.6578947368421053,1.08,2080,27.3,1.0,5.7,26
272,Hirst,FWD,IPS,0.0,1,0.02631578947368421,0.41,219,0.0,1.0,5.4,26
415,Schär,DEF,NEW,0.0,20,0.5263157894736842,1.01,1782,1.5,1.0,5.4,26
95,Jensen,MID,BRE,0.0,8,0.21052631578947367,1.01,713,0.1,1.0,5.3,26
569,Jaden,MID,IPS,0.0,3,0.07894736842105263,0.59,457,0.0,1.0,5.3,26
48,McGinn,MID,AST,0.0,19,0.5,1.11,1535,0.7,1.0,5.2,26
399,Hall,DEF,NEW,0.0,22,0.5789473684210527,0.99,2008,22.6,1.0,5.0,26
411,Miley,MID,NEW,0.0,0,0.0,0.0,77,0.0,1.0,5.0,26
262,Broadhead,MID,IPS,0.0,4,0.10526315789473684,0.96,374,0.0,1.0,4.9,26
652,Ugarte,MID,MUN,0.0,13,0.34210526315789475,1.09,1073,0.1,1.0,4.9,26
359,Phillips,MID,IPS,0.0,11,0.2894736842105263,1.05,947,0.1,1.0,4.8,26
289,Daka,FWD,LEI,0.0,1,0.02631578947368421,0.3,301,0.7,1.0,4.8,26
420,Willock,MID,NEW,0.0,7,0.18421052631578946,0.96,654,0.1,1.0,4.7,26
757,Kayode,DEF,BRE,0.0,0,0.0,0.0,15,0.0,1.0,4.5,26
293,Hermansen,GKP,LEI,0.0,18,0.47368421052631576,1.03,1575,0.4,1.0,4.4,26
296,Kristiansen,DEF,LEI,0.0,22,0.5789473684210527,1.02,1937,0.1,1.0,4.4,26
309,Winks,MID,LEI,0.0,17,0.4473684210526316,1.05,1457,5.7,1.0,4.4,26
630,O'Shea,DEF,IPS,0.0,22,0.5789473684210527,1.01,1952,1.4,1.0,4.0,26
275,Ben Johnson,DEF,IPS,0.0,9,0.23684210526315788,0.89,912,2.1,1.0,3.9,26
583,Townsend,DEF,IPS,0.0,1,0.02631578947368421,0.66,136,0.6,1.0,3.9,26
291,Faes,DEF,LEI,0.0,18,0.47368421052631576,0.94,1732,6.4,1.0,3.9,26
333,Quansah,DEF,LIV,0.0,2,0.05263157894736842,0.66,271,1.2,0.9,3.9,26
166,Dewsbury-Hall,MID,CHE,0.0,1,0.02631578947368421,0.57,157,0.1,0.8,5.5,26
595,Gruda,MID,BRI,0.0,5,0.13157894736842105,1.24,362,0.0,0.8,5.4,26
354,Kovačić,MID,MCI,0.0,18,0.47368421052631576,1.05,1546,1.2,0.8,5.4,26
80,Sinisterra,MID,BOU,0.0,1,0.02631578947368421,0.44,205,0.1,0.8,4.8,26
77,Scott,MID,BOU,0.0,2,0.05263157894736842,0.66,271,0.0,0.8,4.7,26
728,Silcott-Duberry,MID,BOU,0.0,0,0.0,0.0,1,0.0,0.8,4.5,26
696,George,MID,CHE,0.0,0,0.0,0.0,31,0.0,0.8,4.5,26
476,Walker-Peters,DEF,SOU,0.0,23,0.6052631578947368,1.01,2050,0.3,0.8,4.3,26
564,S.Bueno,DEF,WOL,0.0,15,0.39473684210526316,0.99,1361,0.1,0.8,4.3,26
636,Chiesa,MID,LIV,0.0,0,0.0,0.0,25,0.2,0.7,6.8,26
11,Nketiah,FWD,CRY,0.0,6,0.15789473684210525,0.87,623,0.5,0.7,5.9,26
725,Malen,MID,AST,0.0,1,0.02631578947368421,0.58,155,0.1,0.7,5.5,26
424,Awoniyi,FWD,NOT,0.0,2,0.05263157894736842,0.73,245,0.3,0.7,5.5,26
631,J.Clarke,MID,IPS,0.0,5,0.13157894736842105,0.72,622,0.0,0.7,5.4,26
319,Elliott,MID,LIV,0.0,0,0.0,0.0,75,0.2,0.7,5.2,26
298,Mavididi,MID,LEI,0.0,14,0.3684210526315789,0.97,1299,0.3,0.7,5.0,26
300,Ndidi,MID,LEI,0.0,16,0.42105263157894735,1.11,1300,0.2,0.7,4.9,26
281,J. Taylor,MID,IPS,0.0,1,0.02631578947368421,0.22,405,0.0,0.7,4.8,26
431,Dominguez,MID,NOT,0.0,12,0.3157894736842105,0.97,1116,0.0,0.7,4.8,26
216,Wharton,MID,CRY,0.0,8,0.21052631578947367,1.08,668,0.1,0.7,4.7,26
337,Tsimikas,DEF,LIV,0.0,3,0.07894736842105263,0.75,358,0.2,0.7,4.6,26
314,Carvalho,MID,BRE,0.0,3,0.07894736842105263,0.64,425,0.5,0.7,4.5,26
645,Devenny,MID,CRY,0.0,3,0.07894736842105263,0.88,307,0.1,0.7,4.5,26
410,Longstaff,MID,NEW,0.0,8,0.21052631578947367,0.99,730,0.4,0.7,4.5,26
610,Moore,MID,TOT,0.0,2,0.05263157894736842,1.0,180,0.2,0.7,4.5,26
111,Yarmoliuk,MID,BRE,0.0,6,0.15789473684210525,0.86,628,2.6,0.7,4.4,26
395,Burn,DEF,NEW,0.0,24,0.631578947368421,1.0,2160,6.7,0.7,4.4,26
572,Yoro,DEF,MUN,0.0,5,0.13157894736842105,0.83,540,0.2,0.7,4.3,26
579,Sessegnon,DEF,FUL,0.0,0,0.0,0.0,17,0.1,0.7,4.1,26
301,Okoli,DEF,LEI,0.0,10,0.2631578947368421,0.98,919,0.6,0.7,4.0,26
304,Stolarczyk,GKP,LEI,0.0,6,0.15789473684210525,1.0,540,0.6,0.7,4.0,26
726,Coulibaly,DEF,LEI,0.0,0,0.0,0.0,62,0.0,0.7,4.0,26
307,Vestergaard,DEF,LEI,0.0,15,0.39473684210526316,1.07,1259,1.8,0.7,3.9,26
132,March,MID,BRI,0.0,0,0.0,0.0,23,0.0,0.5,6.5,26
342,Bernardo,MID,MCI,0.0,21,0.5526315789473685,0.99,1914,2.7,0.5,6.2,26
24,B. White,DEF,ARS,0.0,7,0.18421052631578946,0.91,694,2.1,0.5,6.1,26
122,Estupiñan,DEF,BRI,0.0,15,0.39473684210526316,0.95,1415,0.8,0.5,4.9,26
165,Deivid,FWD,CHE,0.0,0,0.0,0.0,0,0.1,0.5,4.9,26
530,Souček,MID,WHM,0.0,20,0.5263157894736842,1.03,1748,1.5,0.5,4.9,26
8,Kiwior,DEF,ARS,0.0,2,0.05263157894736842,0.56,323,0.2,0.5,4.8,26
25,Zinchenko,DEF,ARS,0.0,2,0.05263157894736842,0.76,238,0.9,0.5,4.8,26
7,Jorginho,MID,ARS,0.0,6,0.15789473684210525,1.15,471,0.2,0.5,4.7,26
149,Wieffer,MID,BRI,0.0,4,0.10526315789473684,0.78,464,0.1,0.5,4.7,26
544,Doyle,MID,WOL,0.0,3,0.07894736842105263,0.59,458,0.0,0.5,4.7,26
638,Oulad M'hand,MID,ARS,0.0,0,0.0,0.0,0,0.0,0.5,4.5,26
639,Setford,GKP,ARS,0.0,0,0.0,0.0,0,0.1,0.5,4.5,26
659,Kabia,MID,ARS,0.0,0,0.0,0.0,0,0.0,0.5,4.5,26
665,Butler-Oyedeji,FWD,ARS,0.0,0,0.0,0.0,0,0.2,0.5,4.5,26
45,Maatsen,DEF,AST,0.0,3,0.07894736842105263,0.54,502,1.2,0.5,4.5,26
731,A. Garcia,DEF,AST,0.0,3,0.07894736842105263,1.34,201,0.1,0.5,4.5,26
687,Winterburn,MID,BOU,0.0,0,0.0,0.0,9,0.0,0.5,4.5,26
707,Rees-Dottin,FWD,BOU,0.0,0,0.0,0.0,1,0.1,0.5,4.5,26
722,Adu-Adjei,FWD,BOU,0.0,0,0.0,0.0,0,0.0,0.5,4.5,26
723,Sadi,MID,BOU,0.0,0,0.0,0.0,0,0.0,0.5,4.5,26
758,Knight,MID,BRI,0.0,0,0.0,0.0,0,0.0,0.5,4.5,26
688,Nyoni,MID,LIV,0.0,0,0.0,0.0,0,0.0,0.5,4.5,26
330,McConnell,MID,LIV,0.0,0,0.0,0.0,0,0.1,0.5,4.4,26
388,Wan-Bissaka,DEF,WHM,0.0,23,0.6052631578947368,1.0,2074,4.0,0.5,4.4,26
528,Mavropanos,DEF,WHM,0.0,16,0.42105263157894735,0.97,1489,0.1,0.5,4.3,26
73,N. Neto,GKP,ARS,0.0,2,0.05263157894736842,1.0,180,0.7,0.5,4.1,26
662,Nichols,DEF,ARS,0.0,0,0.0,0.0,0,0.0,0.5,4.0,26
756,Porter,GKP,ARS,0.0,0,0.0,0.0,0,0.0,0.5,4.0,26
599,W. Dennis,GKP,BOU,0.0,0,0.0,0.0,0,0.3,0.5,4.0,26
680,Kinsey,DEF,BOU,0.0,0,0.0,0.0,0,0.0,0.5,4.0,26
702,A. Harris,DEF,BOU,0.0,0,0.0,0.0,0,0.0,0.5,4.0,26
712,Akinmboni,DEF,BOU,0.0,0,0.0,0.0,0,0.0,0.5,4.0,26
727,McKenna,GKP,BOU,0.0,0,0.0,0.0,0,0.0,0.5,4.0,26
685,Slater,DEF,BRI,0.0,0,0.0,0.0,0,0.0,0.5,4.0,26
697,Acheampong,DEF,CHE,0.0,2,0.05263157894736842,1.12,160,0.1,0.5,4.0,26
325,Kelleher,GKP,LIV,0.0,8,0.21052631578947367,1.0,720,1.1,0.5,4.0,26
660,Jaros,GKP,LIV,0.0,0,0.0,0.0,11,0.1,0.5,4.0,26
669,H. Davies,GKP,LIV,0.0,0,0.0,0.0,0,0.0,0.5,4.0,26
692,Nallo,DEF,LIV,0.0,0,0.0,0.0,0,0.0,0.5,4.0,26
677,Scarles,DEF,WHM,0.0,0,0.0,0.0,156,0.0,0.5,4.0,26
713,Soler,DEF,BOU,0.0,0,0.0,0.0,0,0.0,0.5,3.9,26
615,Rushworth,GKP,BRI,0.0,0,0.0,0.0,0,0.0,0.5,3.9,26
668,Cahill,GKP,BRI,0.0,0,0.0,0.0,0,1.2,0.5,3.9,26
154,Bergström,GKP,CHE,0.0,0,0.0,0.0,0,0.3,0.5,3.9,26
155,Bettinelli,GKP,CHE,0.0,0,0.0,0.0,0,0.4,0.5,3.9,26
28,Bailey,MID,AST,0.25,13,0.34210526315789475,1.14,1028,0.8,0.4,6.2,26
68,Hill,DEF,BOU,0.25,3,0.07894736842105263,1.53,176,0.6,0.4,3.9,26
421,C. Wilson,FWD,NEW,0.0,0,0.0,0.0,74,0.1,0.3,6.9,26
491,Brennan Johnson,MID,TOT,0.0,16,0.42105263157894735,0.95,1516,1.8,0.3,6.2,26
418,Trippier,DEF,NEW,0.0,6,0.15789473684210525,0.94,577,3.3,0.3,5.6,26
612,Odobert,MID,TOT,0.0,2,0.05263157894736842,1.1,163,0.0,0.3,5.3,26
370,Eriksen,MID,MUN,0.0,7,0.18421052631578946,1.0,632,0.2,0.3,5.2,26
434,Hudson-Odoi,MID,NOT,0.0,18,0.47368421052631576,1.05,1547,1.0,0.3,5.2,26
590,Osula,FWD,NEW,0.0,0,0.0,0.0,44,0.2,0.3,4.9,26
243,Cairney,MID,FUL,0.0,2,0.05263157894736842,0.47,385,0.0,0.3,4.8,26
449,Yates,MID,NOT,0.0,15,0.39473684210526316,0.93,1451,0.1,0.3,4.8,26
254,Reed,MID,FUL,0.0,0,0.0,0.0,62,0.0,0.3,4.7,26
117,Buonanotte,MID,LEI,0.0,12,0.3157894736842105,0.94,1144,0.6,0.3,4.7,26
501,Skipp,MID,LEI,0.0,7,0.18421052631578946,0.83,757,0.0,0.3,4.7,26
313,Bradley,DEF,LIV,0.75,2,0.05263157894736842,0.49,364,0.3,0.3,4.7,26
368,Casemiro,MID,MUN,0.0,11,0.2894736842105263,1.07,923,0.4,0.3,4.7,26
160,Chilwell,DEF,CRY,0.0,0,0.0,0.0,30,0.5,0.3,4.6,26
32,Cash,DEF,AST,0.0,15,0.39473684210526316,1.05,1281,1.0,0.3,4.4,26
104,Pinnock,DEF,BRE,0.0,16,0.42105263157894735,0.98,1470,0.3,0.3,4.4,26
245,Diop,DEF,FUL,0.0,12,0.3157894736842105,1.01,1068,0.2,0.3,4.4,26
267,Davis,DEF,IPS,0.0,24,0.631578947368421,1.02,2112,1.3,0.3,4.4,26
277,Luongo,MID,IPS,0.0,2,0.05263157894736842,1.01,179,0.2,0.3,4.4,26
568,Muric,GKP,IPS,0.0,18,0.47368421052631576,1.0,1620,0.7,0.3,4.4,26
500,Scarlett,FWD,TOT,0.0,0,0.0,0.0,11,0.5,0.3,4.4,26
196,Clyne,DEF,CRY,0.0,4,0.10526315789473684,0.92,392,0.1,0.3,4.3,26
405,Krafth,DEF,NEW,0.0,2,0.05263157894736842,0.75,241,0.1,0.3,4.3,26
100,Mee,DEF,BRE,0.0,2,0.05263157894736842,1.03,175,0.3,0.3,4.2,26
425,Boly,DEF,NOT,0.0,1,0.02631578947368421,0.69,131,0.1,0.3,4.2,26
516,Coufal,DEF,WHM,0.75,8,0.21052631578947367,0.99,729,0.4,0.3,4.1,26
284,Woolfenden,DEF,IPS,0.0,8,0.21052631578947367,0.92,782,1.3,0.3,4.0,26
288,Coady,DEF,LEI,0.0,8,0.21052631578947367,1.01,715,0.3,0.3,4.0,26
109,Valdimarsson,GKP,BRE,0.0,1,0.02631578947368421,0.62,144,4.2,0.3,3.9,26
345,De Bruyne,MID,MCI,0.0,11,0.2894736842105263,0.99,1005,3.9,0.2,9.3,26
403,Joelinton,MID,NEW,0.75,23,0.6052631578947368,1.08,1915,1.1,0.2,6.0,26
27,Archer,FWD,SOU,0.0,10,0.2631578947368421,0.86,1041,1.4,0.2,5.0,26
471,Smallbone,MID,SOU,0.0,4,0.10526315789473684,0.97,371,0.0,0.2,5.0,26
734,Grønbæk,MID,SOU,0.0,1,0.02631578947368421,1.3,69,0.0,0.2,4.9,26
523,Ings,FWD,WHM,0.0,1,0.02631578947368421,0.34,264,1.3,0.2,4.9,26
576,Irving,MID,WHM,0.0,1,0.02631578947368421,0.56,160,0.0,0.2,4.7,26
526,L.Guilherme,MID,WHM,0.0,0,0.0,0.0,50,0.0,0.2,4.6,26
44,Konsa,DEF,AST,0.25,22,0.5789473684210527,1.04,1901,5.6,0.2,4.4,26
469,McCarthy,GKP,SOU,0.0,5,0.13157894736842105,1.0,450,0.1,0.2,4.3,26
474,Sugawara,DEF,SOU,0.0,13,0.34210526315789475,0.97,1205,0.2,0.2,4.2,26
295,Justin,DEF,LEI,0.75,24,0.631578947368421,1.07,2020,1.4,0.2,4.1,26
517,Cresswell,DEF,WHM,0.0,3,0.07894736842105263,0.93,290,1.6,0.2,3.9,26
120,Dunk,DEF,BRI,0.5,17,0.4473684210526316,0.98,1560,2.8,0.1,4.2,26
17,Saka,MID,ARS,1.0,16,0.42105263157894735,1.14,1268,8.7,0.0,10.2,26
4,Havertz,FWD,ARS,1.0,21,0.5526315789473685,1.03,1839,6.4,0.0,7.8,26
180,N.Jackson,FWD,CHE,1.0,22,0.5789473684210527,1.14,1735,7.5,0.0,7.7,26
108,Toney,FWD,BRE,1.0,0,0.0,0.0,0,1.1,0.0,7.3,26
82,Solanke,FWD,TOT,1.0,18,0.47368421052631576,1.01,1598,4.5,0.0,7.3,26
352,J.Alvarez,FWD,MCI,1.0,0,0.0,0.0,0,0.1,0.0,7.0,26
497,Richarlison,FWD,TOT,1.0,2,0.05263157894736842,0.65,275,0.4,0.0,6.8,26
589,Füllkrug,FWD,WHM,1.0,3,0.07894736842105263,0.74,366,0.8,0.0,6.7,26
9,Martinelli,MID,ARS,1.0,16,0.42105263157894735,0.99,1452,2.2,0.0,6.6,26
2,G.Jesus,FWD,ARS,1.0,6,0.15789473684210525,0.9,600,1.2,0.0,6.5,26
34,Diaby,MID,AST,1.0,0,0.0,0.0,0,0.0,0.0,6.5,26
125,Gross,MID,BRI,1.0,0,0.0,0.0,0,0.0,0.0,6.5,26
175,Lukaku,FWD,CHE,1.0,0,0.0,0.0,0,0.2,0.0,6.3,26
382,Mount,MID,MUN,1.0,4,0.10526315789473684,1.48,243,0.1,0.0,6.3,26
360,Rodrigo,MID,MCI,1.0,1,0.02631578947368421,1.38,65,0.8,0.0,6.2,26
509,Werner,MID,TOT,0.5,4,0.10526315789473684,0.73,496,0.1,0.0,6.2,26
177,Madueke,MID,CHE,1.0,19,0.5,1.18,1449,3.7,0.0,6.1,26
179,Mudryk,MID,CHE,1.0,1,0.02631578947368421,0.62,145,0.2,0.0,6.1,26
550,Hee Chan,MID,WOL,1.0,5,0.13157894736842105,0.74,609,0.2,0.0,6.1,26
107,Thiago,FWD,BRE,1.0,1,0.02631578947368421,0.7,129,0.0,0.0,5.9,26
169,Gallagher,MID,CHE,1.0,0,0.0,0.0,0,0.1,0.0,5.9,26
621,João Félix,MID,CHE,1.0,3,0.07894736842105263,0.75,362,0.4,0.0,5.9,26
392,Barnes,MID,NEW,0.0,6,0.15789473684210525,0.7,773,1.0,0.0,5.9,26
38,Duran,FWD,AST,1.0,4,0.10526315789473684,0.58,622,1.8,0.0,5.7,26
611,Szmodics,MID,IPS,0.0,13,0.34210526315789475,1.2,975,0.2,0.0,5.7,26
365,Antony,MID,MUN,1.0,0,0.0,0.0,135,0.2,0.0,5.7,26
527,L.Paquetá,MID,WHM,1.0,20,0.5263157894736842,1.06,1696,1.0,0.0,5.7,26
617,Evanilson,FWD,BOU,1.0,17,0.4473684210526316,1.12,1368,0.6,0.0,5.6,26
143,Undav,FWD,BRI,1.0,0,0.0,0.0,0,0.0,0.0,5.5,26
232,Ndiaye,FWD,EVE,1.0,22,0.5789473684210527,1.06,1874,3.2,0.0,5.5,26
364,Amad,MID,MUN,1.0,17,0.4473684210526316,0.96,1591,11.3,0.0,5.5,26
620,Sosa,MID,NOT,0.0,1,0.02631578947368421,0.39,229,0.1,0.0,5.5,26
587,Summerville,MID,WHM,1.0,7,0.18421052631578946,0.81,776,0.3,0.0,5.5,26
562,Podence,MID,WOL,1.0,0,0.0,0.0,46,0.0,0.0,5.5,26
1,Fábio Vieira,MID,ARS,1.0,0,0.0,0.0,0,0.0,0.0,5.4,26
41,Iling Jr,MID,AST,1.0,0,0.0,0.0,0,0.0,0.0,5.4,26
65,Enes Ünal,FWD,BOU,1.0,2,0.05263157894736842,0.55,330,0.1,0.0,5.4,26
164,D.D.Fofana,FWD,CHE,1.0,0,0.0,0.0,0,0.1,0.0,5.4,26
156,Broja,FWD,EVE,1.0,2,0.05263157894736842,1.15,156,0.1,0.0,5.4,26
220,Calvert-Lewin,FWD,EVE,1.0,19,0.5,1.09,1571,1.2,0.0,5.4,26
121,Enciso,MID,IPS,1.0,4,0.10526315789473684,0.9,401,0.1,0.0,5.4,26
391,Almirón,MID,NEW,1.0,1,0.02631578947368421,0.6,150,0.3,0.0,5.4,26
502,Solomon,MID,TOT,1.0,0,0.0,0.0,0,0.0,0.0,5.4,26
340,Akanji,DEF,MCI,1.0,20,0.5263157894736842,1.05,1707,2.4,0.0,5.3,26
353,João Cancelo,DEF,MCI,1.0,0,0.0,0.0,0,0.2,0.0,5.3,26
362,Stones,DEF,MCI,1.0,6,0.15789473684210525,0.99,544,1.1,0.0,5.3,26
512,Antonio,FWD,WHM,1.0,11,0.2894736842105263,1.19,834,0.9,0.0,5.3,26
29,Barkley,MID,AST,1.0,3,0.07894736842105263,0.5,544,0.2,0.0,5.2,26
259,H. Wilson,MID,FUL,1.0,8,0.21052631578947367,0.87,829,0.3,0.0,5.2,26
378,Mainoo,MID,MUN,1.0,15,0.39473684210526316,1.05,1282,1.8,0.0,5.2,26
31,Buendia,MID,AST,1.0,0,0.0,0.0,89,0.1,0.0,5.1,26
230,McNeil,MID,EVE,1.0,13,0.34210526315789475,1.03,1140,1.2,0.0,5.1,26
265,Chaplin,MID,IPS,0.5,7,0.18421052631578946,1.04,605,0.1,0.0,5.1,26
198,Edouard,FWD,LEI,0.0,1,0.02631578947368421,0.64,141,0.2,0.0,5.1,26
570,A.Fatawu,MID,LEI,1.0,6,0.15789473684210525,0.94,576,0.2,0.0,5.1,26
363,Walker,DEF,MCI,1.0,9,0.23684210526315788,0.84,966,2.7,0.0,5.1,26
453,A. Armstrong,FWD,SOU,1.0,15,0.39473684210526316,1.08,1246,0.7,0.0,5.1,26
563,R.Gomes,MID,WOL,1.0,6,0.15789473684210525,0.96,560,0.1,0.0,5.1,26
37,Dobbin,MID,AST,1.0,0,0.0,0.0,0,0.0,0.0,5.0,26
42,Kamara,MID,AST,1.0,13,0.34210526315789475,1.12,1048,0.0,0.0,5.0,26
66,Faivre,MID,BOU,1.0,0,0.0,0.0,0,0.0,0.0,5.0,26
124,Gilmour,MID,BRI,1.0,1,0.02631578947368421,0.93,97,0.0,0.0,5.0,26
127,I.Osman,MID,BRI,1.0,0,0.0,0.0,0,0.0,0.0,5.0,26
134,Milner,MID,BRI,1.0,3,0.07894736842105263,1.6,169,0.0,0.0,5.0,26
601,Moran,MID,BRI,1.0,0,0.0,0.0,0,0.0,0.0,5.0,26
651,Mangala,MID,EVE,1.0,14,0.3684210526315789,1.0,1257,0.0,0.0,5.0,26
10,R. Nelson,MID,FUL,1.0,5,0.13157894736842105,0.93,483,0.0,0.0,5.0,26
256,Stansfield,FWD,FUL,1.0,0,0.0,0.0,1,0.0,0.0,5.0,26
258,Vinicius,FWD,FUL,0.0,0,0.0,0.0,3,0.3,0.0,5.0,26
384,Pellistri,MID,MUN,1.0,0,0.0,0.0,0,0.0,0.0,5.0,26
439,L. O'Brien,MID,NOT,1.0,0,0.0,0.0,0,0.0,0.0,5.0,26
463,Lallana,MID,SOU,1.0,5,0.13157894736842105,1.35,333,0.0,0.0,5.0,26
468,Mara,FWD,SOU,1.0,0,0.0,0.0,0,0.0,0.0,5.0,26
483,Bryan,MID,TOT,1.0,0,0.0,0.0,0,0.0,0.0,5.0,26
490,Højbjerg,MID,TOT,1.0,0,0.0,0.0,0,0.0,0.0,5.0,26
507,Veliz,FWD,TOT,1.0,0,0.0,0.0,0,0.0,0.0,5.0,26
545,Fábio Silva,FWD,WOL,1.0,0,0.0,0.0,0,0.1,0.0,5.0,26
30,Barrenechea,MID,AST,1.0,0,0.0,0.0,0,0.0,0.0,4.9,26
102,Onyeka,MID,BRE,1.0,0,0.0,0.0,23,0.0,0.0,4.9,26
634,G.Nunes,MID,BRE,1.0,0,0.0,0.0,0,0.0,0.0,4.9,26
119,Dahoud,MID,BRI,1.0,0,0.0,0.0,0,0.0,0.0,4.9,26
141,Sarmiento,MID,BRI,1.0,0,0.0,0.0,8,0.0,0.0,4.9,26
193,C.Doucouré,MID,CRY,1.0,4,0.10526315789473684,0.81,443,0.0,0.0,4.9,26
229,Maupay,FWD,EVE,1.0,0,0.0,0.0,0,0.2,0.0,4.9,26
237,Y. Chermiti,FWD,EVE,1.0,0,0.0,0.0,0,0.0,0.0,4.9,26
271,Harness,MID,IPS,1.0,0,0.0,0.0,43,0.0,0.0,4.9,26
381,McTominay,MID,MUN,1.0,0,0.0,0.0,17,0.1,0.0,4.9,26
387,Shaw,DEF,MUN,1.0,0,0.0,0.0,68,0.2,0.0,4.9,26
413,Pope,GKP,NEW,0.0,15,0.39473684210526316,1.0,1350,3.1,0.0,4.9,26
430,E. Dennis,FWD,NOT,1.0,0,0.0,0.0,0,0.2,0.0,4.9,26
459,S. Edozie,MID,SOU,1.0,0,0.0,0.0,64,0.0,0.0,4.9,26
493,Lo Celso,MID,TOT,1.0,0,0.0,0.0,0,0.0,0.0,4.9,26
498,Romero,DEF,TOT,1.0,12,0.3157894736842105,1.11,974,3.4,0.0,4.9,26
22,Tomiyasu,DEF,ARS,1.0,0,0.0,0.0,6,0.0,0.0,4.8,26
233,Amadou Onana,MID,AST,1.0,14,0.3684210526315789,1.17,1078,2.3,0.0,4.8,26
76,Philip,MID,BOU,1.0,1,0.02631578947368421,0.51,176,0.0,0.0,4.8,26
90,Dasilva,MID,BRE,1.0,0,0.0,0.0,0,0.0,0.0,4.8,26
264,Burns,MID,IPS,1.0,12,0.3157894736842105,1.17,922,0.0,0.0,4.8,26
632,Ogbene,MID,IPS,1.0,3,0.07894736842105263,1.14,237,0.0,0.0,4.8,26
584,Brereton Díaz,MID,SOU,1.0,4,0.10526315789473684,0.81,446,0.1,0.0,4.8,26
505,Udogie,DEF,TOT,0.0,18,0.47368421052631576,1.13,1430,1.4,0.0,4.8,26
555,Kalajdžić,FWD,WOL,1.0,0,0.0,0.0,0,0.0,0.0,4.8,26
557,Mario Jr.,MID,WOL,1.0,15,0.39473684210526316,0.99,1363,0.2,0.0,4.8,26
161,Chukwuemeka,MID,CHE,1.0,0,0.0,0.0,0,0.0,0.0,4.7,26
178,Marc Guiu,FWD,CHE,1.0,0,0.0,0.0,71,0.5,0.0,4.7,26
260,Al-Hamadi,FWD,IPS,1.0,0,0.0,0.0,125,0.2,0.0,4.7,26
299,McAteer,MID,LEI,0.0,4,0.10526315789473684,0.95,380,0.0,0.0,4.7,26
322,Gomez,DEF,LIV,1.0,6,0.15789473684210525,1.04,517,0.4,0.0,4.7,26
515,Cornet,MID,SOU,1.0,1,0.02631578947368421,1.27,71,0.0,0.0,4.7,26
79,Senesi,DEF,BOU,1.0,11,0.2894736842105263,1.08,917,0.3,0.0,4.6,26
214,Schlupp,MID,CRY,1.0,0,0.0,0.0,95,0.1,0.0,4.6,26
33,Dendoncker,MID,AST,1.0,0,0.0,0.0,0,0.2,0.0,4.5,26
35,Diego Carlos,DEF,AST,1.0,8,0.21052631578947367,0.87,828,0.3,0.0,4.5,26
61,Anthony,MID,BOU,1.0,0,0.0,0.0,0,0.1,0.0,4.5,26
67,H.Traorè,MID,BOU,1.0,0,0.0,0.0,0,0.0,0.0,4.5,26
103,Peart-Harris,MID,BRE,1.0,0,0.0,0.0,0,0.0,0.0,4.5,26
112,Zanka,DEF,BRE,1.0,0,0.0,0.0,0,0.0,0.0,4.5,26
661,Yogane,MID,BRE,1.0,0,0.0,0.0,0,0.0,0.0,4.5,26
674,Maghoma,MID,BRE,0.0,0,0.0,0.0,74,0.0,0.0,4.5,26
114,Baker-Boaitey,MID,BRI,1.0,0,0.0,0.0,0,0.0,0.0,4.5,26
118,Cozier-Duberry,MID,BRI,1.0,0,0.0,0.0,0,0.0,0.0,4.5,26
130,Kozlowski,MID,BRI,1.0,0,0.0,0.0,0,0.0,0.0,4.5,26
133,Mazilu,MID,BRI,1.0,0,0.0,0.0,0,0.0,0.0,4.5,26
138,O'Mahony,FWD,BRI,1.0,0,0.0,0.0,0,0.2,0.0,4.5,26
150,Andrey Santos,MID,CHE,1.0,0,0.0,0.0,0,0.0,0.0,4.5,26
151,Ângelo,MID,CHE,1.0,0,0.0,0.0,0,0.1,0.0,4.5,26
174,Lavia,MID,CHE,1.0,8,0.21052631578947367,1.36,530,0.4,0.0,4.5,26
176,M.Sarr,DEF,CHE,1.0,0,0.0,0.0,0,0.0,0.0,4.5,26
190,Ahamada,MID,CRY,1.0,0,0.0,0.0,0,0.1,0.0,4.5,26
197,Ebiowei,MID,CRY,1.0,0,0.0,0.0,0,0.0,0.0,4.5,26
212,Ozoh,MID,CRY,1.0,0,0.0,0.0,0,0.0,0.0,4.5,26
213,Rak-Sakyi,MID,CRY,1.0,0,0.0,0.0,0,0.0,0.0,4.5,26
646,Agbinone,MID,CRY,1.0,0,0.0,0.0,4,0.0,0.0,4.5,26
647,Rodney,MID,CRY,0.0,0,0.0,0.0,0,0.0,0.0,4.5,26
676,Marsh,FWD,CRY,0.0,0,0.0,0.0,0,0.3,0.0,4.5,26
614,Metcalfe,MID,EVE,1.0,0,0.0,0.0,0,0.0,0.0,4.5,26
678,Bates,MID,EVE,0.0,0,0.0,0.0,0,0.0,0.0,4.5,26
724,Sherif,FWD,EVE,0.0,0,0.0,0.0,0,0.1,0.0,4.5,26
773,Heath,MID,EVE,0.0,0,0.0,0.0,0,0.0,0.0,4.5,26
246,L. Harris,MID,FUL,1.0,0,0.0,0.0,0,0.0,0.0,4.5,26
253,Ream,DEF,FUL,1.0,0,0.0,0.0,0,0.0,0.0,4.5,26
604,J. King,MID,FUL,0.0,1,0.02631578947368421,1.15,78,0.1,0.0,4.5,26
273,Humphreys,MID,IPS,1.0,0,0.0,0.0,0,0.0,0.0,4.5,26
276,Ladapo,FWD,IPS,1.0,0,0.0,0.0,0,0.4,0.0,4.5,26
286,Cannon,FWD,LEI,1.0,0,0.0,0.0,0,0.3,0.0,4.5,26
297,Marcal,MID,LEI,1.0,0,0.0,0.0,0,0.0,0.0,4.5,26
694,Cartwright,MID,LEI,0.0,0,0.0,0.0,0,0.0,0.0,4.5,26
312,Bajcetic,MID,LIV,1.0,0,0.0,0.0,0,0.0,0.0,4.5,26
315,Clark,MID,LIV,1.0,0,0.0,0.0,0,0.0,0.0,4.5,26
318,Doak,MID,LIV,1.0,0,0.0,0.0,0,0.0,0.0,4.5,26
709,Danns,FWD,LIV,1.0,0,0.0,0.0,10,0.0,0.0,4.5,26
626,Kaboré,DEF,MCI,1.0,0,0.0,0.0,0,0.0,0.0,4.5,26
671,Wright,MID,MCI,1.0,0,0.0,0.0,0,0.0,0.0,4.5,26
373,Hannibal,MID,MUN,1.0,0,0.0,0.0,0,0.0,0.0,4.5,26
613,Collyer,MID,MUN,1.0,0,0.0,0.0,121,0.1,0.0,4.5,26
648,Wheatley,FWD,MUN,1.0,0,0.0,0.0,0,1.3,0.0,4.5,26
667,Fletcher,MID,MUN,0.0,0,0.0,0.0,0,0.0,0.0,4.5,26
673,Fitzgerald,MID,MUN,0.0,0,0.0,0.0,0,0.0,0.0,4.5,26
407,Lascelles,DEF,NEW,1.0,0,0.0,0.0,0,0.0,0.0,4.5,26
419,J. White,MID,NEW,1.0,0,0.0,0.0,0,0.1,0.0,4.5,26
426,Bowler,MID,NOT,1.0,0,0.0,0.0,0,0.0,0.0,4.5,26
435,Mighten,MID,NOT,1.0,0,0.0,0.0,0,0.0,0.0,4.5,26
438,O.Richards,DEF,NOT,1.0,0,0.0,0.0,0,0.0,0.0,4.5,26
446,Ui-jo,FWD,NOT,1.0,0,0.0,0.0,0,0.8,0.0,4.5,26
448,Worrall,DEF,NOT,1.0,0,0.0,0.0,0,0.0,0.0,4.5,26
458,Charles,MID,SOU,1.0,0,0.0,0.0,0,0.0,0.0,4.5,26
693,O'Brien-Whitmarsh,MID,SOU,1.0,0,0.0,0.0,0,0.0,0.0,4.5,26
485,Devine,MID,TOT,1.0,0,0.0,0.0,0,0.0,0.0,4.5,26
487,E.Royal,DEF,TOT,1.0,0,0.0,0.0,0,0.0,0.0,4.5,26
506,Van de Ven,DEF,TOT,1.0,9,0.23684210526315788,1.03,788,2.4,0.0,4.5,26
609,Lankshear,FWD,TOT,1.0,0,0.0,0.0,10,1.3,0.0,4.5,26
683,Olusesi,MID,TOT,0.0,0,0.0,0.0,0,0.0,0.0,4.5,26
689,Williams-Barnett,MID,TOT,1.0,0,0.0,0.0,0,0.0,0.0,4.5,26
717,Yang,MID,TOT,1.0,0,0.0,0.0,0,0.0,0.0,4.5,26
729,Ajayi,MID,TOT,0.0,0,0.0,0.0,0,0.0,0.0,4.5,26
519,Earthy,MID,WHM,1.0,0,0.0,0.0,0,0.0,0.0,4.5,26
537,Chiquinho,MID,WOL,1.0,0,0.0,0.0,6,0.1,0.0,4.5,26
538,Chirewa,MID,WOL,1.0,0,0.0,0.0,0,0.0,0.0,4.5,26
539,Chiwome,FWD,WOL,1.0,0,0.0,0.0,0,1.5,0.0,4.5,26
540,Cundle,MID,WOL,1.0,0,0.0,0.0,0,0.2,0.0,4.5,26
546,N. Fraser,FWD,WOL,1.0,0,0.0,0.0,0,1.1,0.0,4.5,26
549,H.Bueno,DEF,WOL,1.0,0,0.0,0.0,0,0.0,0.0,4.5,26
551,Hodge,MID,WOL,1.0,0,0.0,0.0,0,0.2,0.0,4.5,26
72,Mepham,DEF,BOU,1.0,0,0.0,0.0,0,0.0,0.0,4.4,26
81,Smith,DEF,BOU,1.0,12,0.3157894736842105,1.05,1032,0.1,0.0,4.4,26
84,Travers,GKP,BOU,1.0,5,0.13157894736842105,1.0,450,0.1,0.0,4.4,26
87,Brierley,MID,BRE,0.0,0,0.0,0.0,0,0.1,0.0,4.4,26
97,Konak,MID,BRE,0.0,0,0.0,0.0,19,0.1,0.0,4.4,26
602,Trevitt,MID,BRE,1.0,0,0.0,0.0,3,0.1,0.0,4.4,26
137,Moder,MID,BRI,1.0,0,0.0,0.0,9,0.5,0.0,4.4,26
140,Peupion,MID,BRI,1.0,0,0.0,0.0,0,0.1,0.0,4.4,26
628,F.Kadıoğlu,DEF,BRI,1.0,5,0.13157894736842105,1.17,385,0.1,0.0,4.4,26
158,Casadei,MID,CHE,1.0,0,0.0,0.0,0,0.1,0.0,4.4,26
183,Petrović,GKP,CHE,1.0,0,0.0,0.0,0,0.2,0.0,4.4,26
184,Renato Veiga,MID,CHE,1.0,1,0.02631578947368421,0.51,176,0.1,0.0,4.4,26
208,M.França,MID,CRY,0.0,0,0.0,0.0,0,0.2,0.0,4.4,26
644,Umeh-Chibueze,MID,CRY,0.0,0,0.0,0.0,0,0.0,0.0,4.4,26
234,Patterson,DEF,EVE,1.0,0,0.0,0.0,124,0.0,0.0,4.4,26
603,H. Armstrong,MID,EVE,1.0,0,0.0,0.0,47,0.2,0.0,4.4,26
257,Tete,DEF,FUL,1.0,15,0.39473684210526316,1.07,1262,0.2,0.0,4.4,26
586,J.Cuenca,DEF,FUL,0.0,1,0.02631578947368421,0.97,93,0.0,0.0,4.4,26
605,Godo,MID,FUL,0.0,0,0.0,0.0,14,0.0,0.0,4.4,26
287,Choudhury,MID,LEI,1.0,1,0.02631578947368421,0.7,129,1.8,0.0,4.4,26
292,Golding,MID,LEI,0.0,0,0.0,0.0,0,0.2,0.0,4.4,26
606,Alves,MID,LEI,1.0,0,0.0,0.0,1,0.1,0.0,4.4,26
331,Morton,MID,LIV,1.0,0,0.0,0.0,0,0.1,0.0,4.4,26
371,Evans,DEF,MUN,1.0,3,0.07894736842105263,0.94,288,0.1,0.0,4.4,26
379,Malacia,DEF,MUN,1.0,2,0.05263157894736842,1.82,99,0.0,0.0,4.4,26
380,L. Martinez,DEF,MUN,1.0,20,0.5263157894736842,1.03,1751,2.8,0.0,4.4,26
393,Botman,DEF,NEW,0.75,3,0.07894736842105263,1.2,225,0.1,0.0,4.4,26
400,Hayden,MID,NEW,1.0,0,0.0,0.0,0,0.1,0.0,4.4,26
406,Kuol,MID,NEW,0.0,0,0.0,0.0,0,0.1,0.0,4.4,26
428,Da Silva Moreira,MID,NOT,0.0,0,0.0,0.0,28,0.1,0.0,4.4,26
451,Amo-Ameyaw,MID,SOU,1.0,0,0.0,0.0,26,0.1,0.0,4.4,26
473,Stewart,FWD,SOU,1.0,1,0.02631578947368421,0.69,130,2.0,0.0,4.4,26
529,N.Aguerd,DEF,WHM,1.0,0,0.0,0.0,0,0.0,0.0,4.4,26
532,Zouma,DEF,WHM,1.0,0,0.0,0.0,0,0.1,0.0,4.4,26
547,Gonzalez,MID,WOL,1.0,0,0.0,0.0,0,0.0,0.0,4.4,26
59,Aarons,DEF,BOU,1.0,1,0.02631578947368421,1.07,84,0.1,0.0,4.3,26
592,J.Araujo,DEF,BOU,1.0,5,0.13157894736842105,1.28,352,0.1,0.0,4.3,26
92,Henry,DEF,BRE,1.0,0,0.0,0.0,3,0.0,0.0,4.3,26
93,Hickey,DEF,BRE,1.0,0,0.0,0.0,0,0.0,0.0,4.3,26
105,Roerslev,DEF,BRE,1.0,11,0.2894736842105263,0.9,1100,0.1,0.0,4.3,26
128,Igor,DEF,BRI,1.0,9,0.23684210526315788,0.9,900,0.1,0.0,4.3,26
173,Kellyman,MID,CHE,1.0,0,0.0,0.0,0,0.1,0.0,4.3,26
189,W.Fofana,DEF,CHE,1.0,12,0.3157894736842105,1.06,1015,0.2,0.0,4.3,26
195,Chadi Riad,DEF,CRY,1.0,1,0.02631578947368421,1.0,90,0.0,0.0,4.3,26
215,J. Ward,DEF,CRY,1.0,0,0.0,0.0,0,0.1,0.0,4.3,26
221,Coleman,DEF,EVE,1.0,2,0.05263157894736842,0.92,196,0.0,0.0,4.3,26
283,Walton,GKP,IPS,1.0,6,0.15789473684210525,1.0,540,0.2,0.0,4.3,26
367,Bayindir,GKP,MUN,1.0,0,0.0,0.0,0,0.1,0.0,4.3,26
376,Lindelof,DEF,MUN,0.0,0,0.0,0.0,59,0.1,0.0,4.3,26
412,Odysseas,GKP,NEW,0.0,0,0.0,0.0,0,0.1,0.0,4.3,26
454,Bazunu,GKP,SOU,1.0,0,0.0,0.0,0,0.1,0.0,4.3,26
486,Dragusin,DEF,TOT,1.0,14,0.3684210526315789,1.01,1250,0.2,0.0,4.3,26
488,Forster,GKP,TOT,0.0,7,0.18421052631578946,1.0,630,0.4,0.0,4.3,26
52,Pau,DEF,AST,1.0,18,0.47368421052631576,1.05,1549,0.7,0.0,4.2,26
167,Disasi,DEF,AST,1.0,6,0.15789473684210525,0.99,543,0.5,0.0,4.2,26
153,B.Badiashile,DEF,CHE,1.0,2,0.05263157894736842,0.73,247,0.1,0.0,4.2,26
202,Holding,DEF,CRY,1.0,0,0.0,0.0,0,0.1,0.0,4.2,26
404,Kelly,DEF,NEW,1.0,4,0.10526315789473684,1.2,299,0.1,0.0,4.2,26
26,Alex Moreno,DEF,NOT,0.0,10,0.2631578947368421,1.11,812,0.4,0.0,4.2,26
440,Omobamidele,DEF,NOT,1.0,0,0.0,0.0,0,0.0,0.0,4.2,26
444,Toffolo,DEF,NOT,0.0,0,0.0,0.0,45,0.1,0.0,4.2,26
496,Reguilón,DEF,TOT,0.0,0,0.0,0.0,121,0.2,0.0,4.2,26
338,Van den Berg,DEF,BRE,1.0,20,0.5263157894736842,1.03,1756,2.5,0.0,4.1,26
142,Steele,GKP,BRI,1.0,2,0.05263157894736842,1.0,180,0.8,0.0,4.1,26
302,Ricardo,DEF,LEI,0.75,2,0.05263157894736842,1.23,146,0.1,0.0,4.1,26
427,C.Miguel,GKP,NOT,0.75,0,0.0,0.0,0,0.2,0.0,4.1,26
5,Hein,GKP,ARS,1.0,0,0.0,0.0,0,0.0,0.0,4.0,26
657,Kacurri,DEF,ARS,1.0,0,0.0,0.0,0,0.1,0.0,4.0,26
39,Gauci,GKP,AST,1.0,0,0.0,0.0,0,0.6,0.0,4.0,26
43,Kesler-Hayden,DEF,AST,1.0,0,0.0,0.0,0,0.0,0.0,4.0,26
46,Marschall,GKP,AST,1.0,0,0.0,0.0,0,0.0,0.0,4.0,26
55,Sinisalo,GKP,AST,1.0,0,0.0,0.0,0,0.0,0.0,4.0,26
56,Sousa,DEF,AST,1.0,0,0.0,0.0,0,0.1,0.0,4.0,26
598,Bogarde,DEF,AST,0.0,4,0.10526315789473684,1.02,352,0.3,0.0,4.0,26
640,Swinkels,DEF,AST,1.0,0,0.0,0.0,0,0.1,0.0,4.0,26
75,Paulsen,GKP,BOU,1.0,0,0.0,0.0,0,0.0,0.0,4.0,26
649,Meghoma,DEF,BRE,1.0,0,0.0,0.0,4,0.0,0.0,4.0,26
705,Arthur,DEF,BRE,0.0,0,0.0,0.0,0,0.0,0.0,4.0,26
759,Eyestone,GKP,BRE,0.0,0,0.0,0.0,0,0.0,0.0,4.0,26
116,Barco,DEF,BRI,1.0,0,0.0,0.0,0,2.2,0.0,4.0,26
139,Offiah,DEF,BRI,1.0,0,0.0,0.0,0,0.1,0.0,4.0,26
663,Samuels,DEF,BRI,1.0,0,0.0,0.0,0,0.0,0.0,4.0,26
681,McConville,DEF,BRI,1.0,0,0.0,0.0,0,0.0,0.0,4.0,26
170,Gilchrist,DEF,CHE,1.0,0,0.0,0.0,0,0.0,0.0,4.0,26
575,Wiley,DEF,CHE,1.0,0,0.0,0.0,0,0.0,0.0,4.0,26
666,Kporha,DEF,CRY,0.0,0,0.0,0.0,11,0.0,0.0,4.0,26
225,Holgate,DEF,EVE,1.0,0,0.0,0.0,5,0.1,0.0,4.0,26
624,Begovic,GKP,EVE,0.0,0,0.0,0.0,0,0.2,0.0,4.0,26
627,Dixon,DEF,EVE,0.0,1,0.02631578947368421,1.0,90,0.1,0.0,4.0,26
250,Mbabu,DEF,FUL,1.0,0,0.0,0.0,0,0.1,0.0,4.0,26
690,Amissah,DEF,FUL,0.0,0,0.0,0.0,0,0.0,0.0,4.0,26
261,Baggott,DEF,IPS,1.0,0,0.0,0.0,0,0.0,0.0,4.0,26
266,H.Clarke,DEF,IPS,1.0,4,0.10526315789473684,0.95,377,0.1,0.0,4.0,26
269,Edmundson,DEF,IPS,1.0,0,0.0,0.0,1,0.1,0.0,4.0,26
279,Ndaba,DEF,IPS,1.0,0,0.0,0.0,0,0.0,0.0,4.0,26
715,Godfrey,DEF,IPS,0.0,1,0.02631578947368421,1.43,63,0.0,0.0,4.0,26
303,Souttar,DEF,LEI,1.0,0,0.0,0.0,0,0.0,0.0,4.0,26
616,B. Nelson,DEF,LEI,1.0,0,0.0,0.0,0,0.0,0.0,4.0,26
708,Wilson-Brown,DEF,LEI,1.0,0,0.0,0.0,0,0.0,0.0,4.0,26
332,N.Phillips,DEF,LIV,1.0,0,0.0,0.0,0,0.1,0.0,4.0,26
334,R.Williams,DEF,LIV,1.0,0,0.0,0.0,0,0.0,0.0,4.0,26
675,Wilson-Esbrand,DEF,MCI,1.0,0,0.0,0.0,0,0.0,0.0,4.0,26
658,Heaven,DEF,MUN,0.0,0,0.0,0.0,0,0.1,0.0,4.0,26
670,Amass,DEF,MUN,0.0,0,0.0,0.0,0,0.0,0.0,4.0,26
691,Kukonki,DEF,MUN,0.0,0,0.0,0.0,0,0.0,0.0,4.0,26
761,E. Harrison,GKP,MUN,0.0,0,0.0,0.0,0,0.0,0.0,4.0,26
390,A.Murphy,DEF,NEW,1.0,0,0.0,0.0,0,0.6,0.0,4.0,26
408,J. Lewis,DEF,NEW,1.0,0,0.0,0.0,0,0.1,0.0,4.0,26
416,Targett,DEF,NEW,0.0,0,0.0,0.0,12,0.3,0.0,4.0,26
574,Pivas,DEF,NEW,1.0,0,0.0,0.0,0,0.1,0.0,4.0,26
441,Panzo,DEF,NOT,1.0,0,0.0,0.0,0,0.0,0.0,4.0,26
706,Abbott,DEF,NOT,0.0,0,0.0,0.0,0,0.0,0.0,4.0,26
721,Hennessey,GKP,NOT,0.0,0,0.0,0.0,0,0.0,0.0,4.0,26
461,Harwood-Bellis,DEF,SOU,1.0,22,0.5789473684210527,1.05,1894,6.2,0.0,4.0,26
465,Lis,GKP,SOU,1.0,0,0.0,0.0,0,0.1,0.0,4.0,26
478,A.Phillips,DEF,TOT,1.0,0,0.0,0.0,0,0.2,0.0,4.0,26
479,Austin,GKP,TOT,0.0,1,0.02631578947368421,1.0,90,0.5,0.0,4.0,26
684,Hardy,DEF,TOT,0.0,0,0.0,0.0,0,0.0,0.0,4.0,26
699,Dorrington,DEF,TOT,1.0,0,0.0,0.0,13,0.0,0.0,4.0,26
700,King,DEF,TOT,0.0,0,0.0,0.0,0,0.0,0.0,4.0,26
760,Cassanova,DEF,TOT,0.0,0,0.0,0.0,0,0.0,0.0,4.0,26
552,Hoever,DEF,WOL,1.0,0,0.0,0.0,0,0.1,0.0,4.0,26
720,Agbadou,DEF,WOL,1.0,5,0.13157894736842105,1.07,420,0.1,0.0,4.0,26
50,Nedeljkovic,DEF,AST,1.0,0,0.0,0.0,121,0.7,0.0,3.9,26
96,Ji-soo,DEF,BRE,0.0,0,0.0,0.0,27,0.4,0.0,3.9,26
209,Matthews,GKP,CRY,0.0,0,0.0,0.0,0,0.6,0.0,3.9,26
445,Turner,GKP,CRY,0.0,0,0.0,0.0,0,9.2,0.0,3.9,26
227,J.Virginia,GKP,EVE,0.0,0,0.0,0.0,0,0.6,0.0,3.9,26
228,Keane,DEF,EVE,0.0,9,0.23684210526315788,1.0,812,4.5,0.0,3.9,26
242,Benda,GKP,FUL,0.0,0,0.0,0.0,0,0.4,0.0,3.9,26
263,Burgess,DEF,IPS,0.0,10,0.2631578947368421,1.0,900,1.7,0.0,3.9,26
280,Slicker,GKP,IPS,0.0,0,0.0,0.0,0,0.6,0.0,3.9,26
282,Tuanzebe,DEF,IPS,1.0,12,0.3157894736842105,1.06,1015,1.5,0.0,3.9,26
294,Iversen,GKP,LEI,0.0,0,0.0,0.0,0,0.8,0.0,3.9,26
305,L. Thomas,DEF,LEI,0.0,2,0.05263157894736842,1.01,179,1.7,0.0,3.9,26
308,D. Ward,GKP,LEI,0.0,1,0.02631578947368421,0.67,135,2.1,0.0,3.9,26
374,Heaton,GKP,MUN,1.0,0,0.0,0.0,0,0.3,0.0,3.9,26
414,Ruddy,GKP,NEW,0.0,0,0.0,0.0,0,0.3,0.0,3.9,26
460,Edwards,DEF,SOU,1.0,0,0.0,0.0,12,0.3,0.0,3.9,26
464,Larios,DEF,SOU,1.0,0,0.0,0.0,0,0.1,0.0,3.9,26
510,Whiteman,GKP,TOT,0.0,0,0.0,0.0,0,1.4,0.0,3.9,26
558,Mosquera,DEF,WOL,1.0,5,0.13157894736842105,1.02,441,0.7,0.0,3.8,26
397,R. Fraser,MID,SOU,0.5,4,0.10526315789473684,1.19,303,0.0,-0.1,4.8,26
343,Bobb,MID,MCI,0.75,0,0.0,0.0,0,0.1,-0.1,4.7,26
346,Doku,MID,MCI,0.0,9,0.23684210526315788,1.02,796,1.3,-0.2,6.2,26
531,Ward-Prowse,MID,WHM,0.0,5,0.13157894736842105,0.98,457,0.5,-0.2,6.1,26
123,Ferguson,FWD,WHM,0.0,2,0.05263157894736842,0.69,262,0.3,-0.2,5.5,26
566,Strand Larsen,FWD,WOL,0.0,22,0.5789473684210527,1.08,1835,1.1,-0.2,5.2,26
607,O’Reilly,MID,MCI,0.0,0,0.0,0.0,21,0.0,-0.2,4.9,26
553,J.Gomes,MID,WOL,0.0,23,0.6052631578947368,1.07,1934,0.2,-0.2,4.9,26
588,G.Rodríguez,MID,WHM,0.0,14,0.3684210526315789,1.24,1015,0.1,-0.2,4.8,26
608,Dibling,MID,SOU,0.0,14,0.3684210526315789,1.0,1259,1.7,-0.2,4.5,26
701,Orford,MID,WHM,0.0,0,0.0,0.0,47,0.0,-0.2,4.5,26
467,Manning,DEF,SOU,0.0,10,0.2631578947368421,1.18,765,0.1,-0.2,4.3,26
472,Stephens,DEF,SOU,0.0,10,0.2631578947368421,1.12,803,0.4,-0.2,4.0,26
718,Welington,DEF,SOU,0.0,2,0.05263157894736842,1.44,125,0.0,-0.2,4.0,26
561,Pedro Lima,DEF,WOL,0.0,1,0.02631578947368421,1.53,59,1.4,-0.2,3.9,26
349,Grealish,MID,MCI,0.0,6,0.15789473684210525,0.9,599,0.2,-0.5,6.4,26
361,Rúben,DEF,MCI,0.0,13,0.34210526315789475,0.99,1176,2.2,-0.5,5.4,26
655,Forbs,MID,WOL,0.0,1,0.02631578947368421,0.38,235,0.0,-0.5,5.4,26
341,Aké,DEF,MCI,0.0,7,0.18421052631578946,1.05,601,0.8,-0.5,5.3,26
358,Ortega Moreno,GKP,MCI,0.0,9,0.23684210526315788,1.0,810,0.6,-0.5,5.2,26
534,B.Traore,MID,WOL,0.0,0,0.0,0.0,0,0.0,-0.5,4.8,26
518,Downes,MID,SOU,0.0,17,0.4473684210526316,1.07,1431,0.0,-0.5,4.7,26
51,Olsen,GKP,AST,0.0,0,0.0,0.0,45,0.1,-0.5,4.5,26
656,K. Young,MID,AST,0.0,0,0.0,0.0,0,0.2,-0.5,4.5,26
679,Broggio,MID,AST,0.0,0,0.0,0.0,0,0.0,-0.5,4.5,26
710,Jimoh,MID,AST,0.0,0,0.0,0.0,0,0.0,-0.5,4.5,26
698,Mubama,FWD,MCI,0.0,0,0.0,0.0,27,0.1,-0.5,4.5,26
733,Vitor Reis,DEF,MCI,0.0,0,0.0,0.0,0,0.0,-0.5,4.5,26
682,T. Edozie,MID,WOL,0.0,0,0.0,0.0,0,0.0,-0.5,4.5,26
522,Foderingham,GKP,WHM,0.0,0,0.0,0.0,0,0.1,-0.5,4.3,26
542,Dawson,DEF,WOL,0.0,10,0.2631578947368421,0.93,969,0.1,-0.5,4.3,26
591,Todibo,DEF,WHM,0.0,8,0.21052631578947367,0.83,863,0.2,-0.5,4.2,26
204,Johnstone,GKP,WOL,0.0,7,0.18421052631578946,1.0,630,0.3,-0.5,4.2,26
521,Fabianski,GKP,WHM,0.0,12,0.3157894736842105,1.01,1070,16.0,-0.5,4.1,26
641,Zych,GKP,AST,0.0,0,0.0,0.0,0,0.5,-0.5,4.0,26
672,Simpson-Pusey,DEF,MCI,0.0,1,0.02631578947368421,0.95,95,0.0,-0.5,4.0,26
703,Alleyne,DEF,MCI,0.0,0,0.0,0.0,0,0.0,-0.5,4.0,26
704,Brits,GKP,MCI,0.0,0,0.0,0.0,0,0.0,-0.5,4.0,26
466,Lumley,GKP,SOU,0.0,3,0.07894736842105263,1.0,270,0.6,-0.5,4.0,26
477,N. Wood,DEF,SOU,0.0,7,0.18421052631578946,1.01,622,1.2,-0.5,4.0,26
719,Kayi Sanda,DEF,SOU,0.0,0,0.0,0.0,0,0.0,-0.5,4.0,26
643,Casey,DEF,WHM,0.0,0,0.0,0.0,1,0.2,-0.5,4.0,26
686,Mayers,DEF,WHM,0.0,0,0.0,0.0,0,0.0,-0.5,4.0,26
556,T. King,GKP,WOL,0.0,0,0.0,0.0,0,1.3,-0.5,4.0,26
711,Okoduwa,DEF,WOL,0.0,0,0.0,0.0,0,0.0,-0.5,4.0,26
40,Hause,DEF,AST,0.0,0,0.0,0.0,0,0.6,-0.5,3.9,26
344,Carson,GKP,MCI,0.0,0,0.0,0.0,0,0.2,-0.5,3.9,26
456,Bella-Kotchap,DEF,SOU,0.0,0,0.0,0.0,0,0.4,-0.5,3.9,26
475,C. Taylor,DEF,SOU,0.0,2,0.05263157894736842,0.68,263,4.2,-0.5,3.9,26
536,Bentley,GKP,WOL,0.0,0,0.0,0.0,0,1.6,-0.5,3.9,26
637,Meupiyou,DEF,WOL,0.0,0,0.0,0.0,0,0.2,-0.5,3.9,26
664,Pond,DEF,WOL,0.0,0,0.0,0.0,1,0.9,-0.5,3.9,26
