id,name,position_gw1,team_gw1,prob_injury_gw1,xcost_gw1,xmins_gw1,xpts_gw1,position_gw2,team_gw2,prob_injury_gw2,xcost_gw2,xmins_gw2,xpts_gw2,position_gw3,team_gw3,prob_injury_gw3,xcost_gw3,xmins_gw3,xpts_gw3,position_gw4,team_gw4,prob_injury_gw4,xcost_gw4,xmins_gw4,xpts_gw4,total_xmins,total_xpts
1,Raya,GKP,ARS,0.0,5.5,90.0,10.0,GKP,ARS,0.0,5.5,90.0,6.0,GKP,ARS,0.0,5.5,90.0,2.0,GKP,ARS,0.0,5.5,90.0,6.0,360.0,24.0
2,Arrizabalaga,GKP,ARS,0.0,4.5,0.0,0.0,GKP,ARS,0.0,4.5,0.0,0.0,GKP,ARS,0.0,4.4,0.0,0.0,GKP,ARS,0.0,4.4,0.0,0.0,0.0,0.0
3,Hein,GKP,ARS,0.0,4.0,0.0,0.0,GKP,ARS,1.0,4.0,0.0,0.0,GKP,ARS,1.0,4.0,0.0,0.0,GKP,ARS,1.0,4.0,0.0,0.0,0.0,0.0
4,Setford,GKP,ARS,0.0,4.0,0.0,0.0,GKP,ARS,0.0,4.0,0.0,0.0,GKP,ARS,0.0,4.0,0.0,0.0,GKP,ARS,0.0,4.0,0.0,0.0,0.0,0.0
5,Gabriel,DEF,ARS,0.0,6.0,90.0,6.0,DEF,ARS,0.0,6.1,90.0,6.0,DEF,ARS,0.0,6.1,90.0,2.0,DEF,ARS,0.0,6.1,90.0,9.0,360.0,23.0
6,Saliba,DEF,ARS,0.0,6.0,90.0,9.0,DEF,ARS,0.0,6.1,90.0,6.0,DEF,ARS,0.25,6.1,4.0,1.0,DEF,ARS,0.25,6.0,0.0,0.0,184.0,16.0
7,Calafiori,DEF,ARS,0.0,5.5,71.0,13.0,DEF,ARS,0.0,5.6,63.0,13.0,DEF,ARS,0.0,5.7,90.0,2.0,DEF,ARS,0.0,5.7,67.0,5.0,291.0,33.0
8,J.Timber,DEF,ARS,0.0,5.5,19.0,0.0,DEF,ARS,0.0,5.6,63.0,24.0,DEF,ARS,0.0,5.6,90.0,2.0,DEF,ARS,0.0,5.7,90.0,8.0,262.0,34.0
9,Kiwior,DEF,ARS,0.0,5.5,0.0,0.0,DEF,ARS,0.0,5.4,0.0,0.0,DEF,ARS,1.0,5.4,0.0,0.0,DEF,ARS,1.0,5.4,0.0,0.0,0.0,0.0
10,Lewis-Skelly,DEF,ARS,0.0,5.5,18.0,0.0,DEF,ARS,0.0,5.4,26.0,1.0,DEF,ARS,0.0,5.4,0.0,0.0,DEF,ARS,0.0,5.3,22.0,1.0,66.0,2.0
11,White,DEF,ARS,0.0,5.5,70.0,6.0,DEF,ARS,0.25,5.5,0.0,0.0,DEF,ARS,0.5,5.4,0.0,0.0,DEF,ARS,0.0,5.4,0.0,0.0,70.0,6.0
12,Zinchenko,DEF,ARS,0.0,5.0,0.0,0.0,DEF,ARS,0.0,4.9,0.0,0.0,DEF,NOT,0.0,4.9,0.0,0.0,DEF,NOT,0.0,4.9,0.0,0.0,0.0,0.0
13,Clarke,DEF,ARS,0.0,4.0,0.0,0.0,DEF,ARS,0.0,4.0,0.0,0.0,DEF,ARS,0.0,4.0,0.0,0.0,DEF,ARS,0.0,4.0,0.0,0.0,0.0,0.0
14,Kacurri,DEF,ARS,0.0,4.0,0.0,0.0,DEF,ARS,0.0,4.0,0.0,0.0,DEF,ARS,0.0,4.0,0.0,0.0,DEF,ARS,0.0,3.9,0.0,0.0,0.0,0.0
15,Nichols,DEF,ARS,0.0,4.0,0.0,0.0,DEF,ARS,0.0,4.0,0.0,0.0,DEF,ARS,0.0,4.0,0.0,0.0,DEF,ARS,0.0,4.0,0.0,0.0,0.0,0.0
16,Saka,MID,ARS,0.0,10.0,90.0,3.0,MID,ARS,0.5,10.0,52.0,6.0,MID,ARS,1.0,9.9,0.0,0.0,MID,ARS,1.0,9.8,0.0,0.0,142.0,9.0
17,Ødegaard,MID,ARS,0.0,8.0,90.0,5.0,MID,ARS,0.25,8.0,37.0,1.0,MID,ARS,0.0,7.9,20.0,1.0,MID,ARS,0.25,7.9,17.0,1.0,164.0,8.0
18,Madueke,MID,ARS,0.0,7.0,30.0,1.0,MID,ARS,0.0,7.0,63.0,3.0,MID,ARS,0.0,7.0,88.0,2.0,MID,ARS,0.0,7.0,78.0,3.0,259.0,9.0
19,Martinelli,MID,ARS,0.0,7.0,59.0,1.0,MID,ARS,0.0,7.0,0.0,0.0,MID,ARS,0.0,6.9,69.0,3.0,MID,ARS,0.0,6.9,12.0,1.0,140.0,5.0
20,Trossard,MID,ARS,0.0,7.0,0.0,0.0,MID,ARS,0.0,6.9,37.0,1.0,MID,ARS,0.0,6.9,0.0,0.0,MID,ARS,0.0,6.9,11.0,4.0,48.0,5.0
21,Rice,MID,ARS,0.0,6.5,82.0,6.0,MID,ARS,0.0,6.5,90.0,6.0,MID,ARS,0.0,6.5,90.0,4.0,MID,ARS,0.0,6.5,22.0,1.0,284.0,17.0
22,Merino,MID,ARS,0.0,6.0,7.0,1.0,MID,ARS,0.0,5.9,0.0,0.0,MID,ARS,0.0,5.9,69.0,3.0,MID,ARS,0.0,5.9,90.0,3.0,166.0,7.0
23,Fábio Vieira,MID,ARS,0.0,5.5,0.0,0.0,MID,ARS,0.0,5.5,0.0,0.0,MID,ARS,1.0,5.4,0.0,0.0,MID,ARS,1.0,5.4,0.0,0.0,0.0,0.0
24,Nørgaard,MID,ARS,0.25,5.5,0.0,0.0,MID,ARS,1.0,5.4,0.0,0.0,MID,ARS,0.5,5.4,0.0,0.0,MID,ARS,0.0,5.4,0.0,0.0,0.0,0.0
25,Nwaneri,MID,ARS,0.0,5.5,0.0,0.0,MID,ARS,0.0,5.4,52.0,1.0,MID,ARS,0.0,5.4,0.0,0.0,MID,ARS,0.0,5.3,72.0,3.0,124.0,4.0
26,Zubimendi,MID,ARS,0.0,5.5,90.0,5.0,MID,ARS,0.0,5.5,90.0,3.0,MID,ARS,0.0,5.5,90.0,1.0,MID,ARS,0.0,5.4,90.0,16.0,360.0,25.0
27,Nelson,MID,ARS,0.0,5.0,0.0,0.0,MID,ARS,0.0,5.0,0.0,0.0,MID,BRE,0.0,4.9,0.0,0.0,MID,BRE,0.0,4.9,0.0,0.0,0.0,0.0
28,Kabia,MID,ARS,0.0,4.5,0.0,0.0,MID,ARS,0.0,4.5,0.0,0.0,MID,ARS,1.0,4.5,0.0,0.0,MID,ARS,1.0,4.5,0.0,0.0,0.0,0.0
29,Sambi,MID,ARS,0.0,4.5,0.0,0.0,MID,ARS,0.0,4.5,0.0,0.0,MID,ARS,1.0,4.5,0.0,0.0,MID,ARS,1.0,4.5,0.0,0.0,0.0,0.0
30,Havertz,FWD,ARS,0.0,7.5,30.0,1.0,FWD,ARS,1.0,7.4,0.0,0.0,FWD,ARS,1.0,7.4,0.0,0.0,FWD,ARS,1.0,7.4,0.0,0.0,30.0,1.0
31,G.Jesus,FWD,ARS,1.0,6.5,0.0,0.0,FWD,ARS,1.0,6.5,0.0,0.0,FWD,ARS,1.0,6.5,0.0,0.0,FWD,ARS,1.0,6.5,0.0,0.0,0.0,0.0
32,Martinez,GKP,AST,0.0,5.0,0.0,0.0,GKP,AST,0.0,5.0,90.0,2.0,GKP,AST,0.0,5.0,0.0,0.0,GKP,AST,0.0,5.0,90.0,6.0,180.0,8.0
33,M.Bizot,GKP,AST,0.0,4.5,90.0,7.0,GKP,AST,0.0,4.5,0.0,0.0,GKP,AST,0.0,4.5,90.0,0.0,GKP,AST,0.0,4.5,0.0,0.0,180.0,7.0
34,Gauci,GKP,AST,1.0,4.0,0.0,0.0,GKP,AST,1.0,4.0,0.0,0.0,GKP,AST,1.0,4.0,0.0,0.0,GKP,AST,1.0,4.0,0.0,0.0,0.0,0.0
35,Marschall,GKP,AST,1.0,4.0,0.0,0.0,GKP,AST,1.0,4.0,0.0,0.0,GKP,AST,1.0,4.0,0.0,0.0,GKP,AST,1.0,4.0,0.0,0.0,0.0,0.0
36,Cash,DEF,AST,0.0,4.5,90.0,8.0,DEF,AST,0.0,4.5,90.0,2.0,DEF,AST,0.0,4.5,73.0,0.0,DEF,AST,0.0,4.5,90.0,5.0,343.0,15.0
37,Digne,DEF,AST,0.0,4.5,90.0,6.0,DEF,AST,0.0,4.5,63.0,2.0,DEF,AST,0.0,4.5,7.0,1.0,DEF,AST,0.0,4.5,90.0,5.0,250.0,14.0
38,Konsa,DEF,AST,1.0,4.5,65.0,3.0,DEF,AST,0.0,4.5,0.0,0.0,DEF,AST,0.0,4.5,90.0,1.0,DEF,AST,0.0,4.5,90.0,6.0,245.0,10.0
39,Maatsen,DEF,AST,0.0,4.5,0.0,0.0,DEF,AST,0.0,4.5,26.0,1.0,DEF,AST,0.0,4.4,83.0,1.0,DEF,AST,0.0,4.4,0.0,0.0,109.0,2.0
40,Mings,DEF,AST,0.0,4.5,90.0,6.0,DEF,AST,0.0,4.5,90.0,2.0,DEF,AST,0.0,4.5,90.0,1.0,DEF,AST,0.0,4.5,90.0,9.0,360.0,18.0
41,Pau,DEF,AST,0.0,4.5,0.0,0.0,DEF,AST,0.0,4.5,90.0,2.0,DEF,AST,0.0,4.5,16.0,1.0,DEF,AST,0.0,4.4,0.0,0.0,106.0,3.0
42,A.García,DEF,AST,0.75,4.0,0.0,0.0,DEF,AST,0.75,4.0,0.0,0.0,DEF,AST,0.75,4.0,0.0,0.0,DEF,AST,1.0,3.9,0.0,0.0,0.0,0.0
43,Alex Moreno,DEF,AST,0.0,4.0,0.0,0.0,DEF,AST,1.0,4.0,0.0,0.0,DEF,AST,1.0,4.0,0.0,0.0,DEF,AST,1.0,4.0,0.0,0.0,0.0,0.0
44,Bogarde,DEF,AST,0.0,4.0,0.0,0.0,DEF,AST,0.0,4.0,16.0,0.0,DEF,AST,0.0,4.0,6.0,1.0,DEF,AST,0.0,4.0,82.0,9.0,104.0,10.0
45,Sousa,DEF,AST,0.0,4.0,0.0,0.0,DEF,AST,0.0,4.0,0.0,0.0,DEF,AST,0.0,4.0,0.0,0.0,DEF,AST,0.0,4.0,0.0,0.0,0.0,0.0
46,Yasin,DEF,AST,0.0,4.0,0.0,0.0,DEF,AST,0.0,4.0,0.0,0.0,DEF,AST,0.0,4.0,0.0,0.0,DEF,AST,0.0,4.0,0.0,0.0,0.0,0.0
47,Rogers,MID,AST,0.0,7.0,90.0,3.0,MID,AST,0.0,7.0,90.0,2.0,MID,AST,0.0,7.0,90.0,2.0,MID,AST,0.0,7.0,90.0,3.0,360.0,10.0
48,Tielemans,MID,AST,0.0,6.0,90.0,3.0,MID,AST,0.0,6.0,90.0,2.0,MID,AST,0.0,5.9,90.0,2.0,MID,AST,0.5,5.9,45.0,1.0,315.0,8.0
49,Bailey,MID,AST,0.0,5.5,0.0,0.0,MID,AST,1.0,5.5,0.0,0.0,MID,AST,1.0,5.5,0.0,0.0,MID,AST,1.0,5.5,0.0,0.0,0.0,0.0
50,Buendía,MID,AST,0.0,5.5,0.0,0.0,MID,AST,0.0,5.4,58.0,1.0,MID,AST,0.0,5.3,45.0,1.0,MID,AST,0.0,5.3,70.0,2.0,173.0,4.0
51,Iling Jr,MID,AST,0.0,5.5,0.0,0.0,MID,AST,0.0,5.5,0.0,0.0,MID,AST,0.0,5.5,0.0,0.0,MID,AST,0.0,5.5,0.0,0.0,0.0,0.0
52,J.Ramsey,MID,NEW,0.0,5.5,0.0,0.0,MID,NEW,0.0,5.5,14.0,1.0,MID,NEW,0.25,5.4,45.0,1.0,MID,NEW,1.0,5.4,0.0,0.0,59.0,2.0
53,Malen,MID,AST,0.0,5.5,6.0,1.0,MID,AST,0.0,5.4,26.0,1.0,MID,AST,0.0,5.3,82.0,2.0,MID,AST,0.0,5.2,7.0,1.0,121.0,5.0
54,McGinn,MID,AST,0.0,5.5,83.0,3.0,MID,AST,0.0,5.5,73.0,2.0,MID,AST,0.0,5.5,73.0,2.0,MID,AST,0.0,5.5,90.0,3.0,319.0,10.0
55,Barkley,MID,AST,0.75,5.0,0.0,0.0,MID,AST,0.75,4.9,0.0,0.0,MID,AST,0.75,4.9,0.0,0.0,MID,AST,1.0,4.9,0.0,0.0,0.0,0.0
56,Barrenechea,MID,AST,1.0,5.0,0.0,0.0,MID,AST,1.0,5.0,0.0,0.0,MID,AST,1.0,5.0,0.0,0.0,MID,AST,1.0,5.0,0.0,0.0,0.0,0.0
57,Dobbin,MID,AST,0.0,5.0,0.0,0.0,MID,AST,1.0,5.0,0.0,0.0,MID,AST,1.0,5.0,0.0,0.0,MID,AST,1.0,5.0,0.0,0.0,0.0,0.0
58,Kamara,MID,AST,0.0,5.0,90.0,2.0,MID,AST,0.5,5.0,15.0,1.0,MID,AST,0.5,4.9,0.0,0.0,MID,AST,1.0,4.9,0.0,0.0,105.0,3.0
59,Onana,MID,AST,0.0,5.0,90.0,5.0,MID,AST,0.0,5.0,63.0,1.0,MID,AST,0.5,5.0,0.0,0.0,MID,AST,1.0,4.9,0.0,0.0,153.0,6.0
60,Broggio,MID,AST,0.0,4.5,0.0,0.0,MID,AST,0.0,4.5,0.0,0.0,MID,AST,0.0,4.5,0.0,0.0,MID,AST,0.0,4.5,0.0,0.0,0.0,0.0
61,Dendoncker,MID,AST,0.0,4.5,0.0,0.0,MID,AST,1.0,4.5,0.0,0.0,MID,AST,1.0,4.5,0.0,0.0,MID,AST,1.0,4.5,0.0,0.0,0.0,0.0
62,Jimoh-Aloba,MID,AST,0.0,4.5,0.0,0.0,MID,AST,0.0,4.5,0.0,0.0,MID,AST,0.0,4.5,0.0,0.0,MID,AST,0.0,4.5,0.0,0.0,0.0,0.0
63,Young,MID,AST,0.0,4.5,0.0,0.0,MID,AST,0.0,4.5,0.0,0.0,MID,AST,0.0,4.5,0.0,0.0,MID,AST,0.0,4.5,0.0,0.0,0.0,0.0
64,Watkins,FWD,AST,0.0,9.0,90.0,2.0,FWD,AST,0.0,9.0,90.0,2.0,FWD,AST,0.0,8.9,90.0,2.0,FWD,AST,0.0,8.8,82.0,2.0,352.0,8.0
65,Redmond,FWD,AST,0.0,4.5,0.0,0.0,FWD,AST,0.0,4.5,0.0,0.0,FWD,AST,1.0,4.5,0.0,0.0,FWD,AST,1.0,4.5,0.0,0.0,0.0,0.0
66,Neto,GKP,BOU,1.0,4.5,0.0,0.0,GKP,BOU,1.0,4.5,0.0,0.0,GKP,BOU,1.0,4.5,0.0,0.0,GKP,BOU,1.0,4.5,0.0,0.0,0.0,0.0
67,Petrović,GKP,BOU,0.0,4.5,90.0,2.0,GKP,BOU,0.0,4.5,90.0,6.0,GKP,BOU,0.0,4.5,90.0,5.0,GKP,BOU,0.0,4.5,90.0,2.0,360.0,15.0
68,Dennis,GKP,BOU,0.0,4.0,0.0,0.0,GKP,BOU,0.0,4.0,0.0,0.0,GKP,BOU,0.0,4.0,0.0,0.0,GKP,BOU,0.0,4.0,0.0,0.0,0.0,0.0
69,McKenna,GKP,BOU,0.0,4.0,0.0,0.0,GKP,BOU,0.0,4.0,0.0,0.0,GKP,BOU,0.0,4.0,0.0,0.0,GKP,BOU,0.0,4.0,0.0,0.0,0.0,0.0
70,Paulsen,GKP,BOU,0.0,4.0,0.0,0.0,GKP,BOU,1.0,4.0,0.0,0.0,GKP,BOU,1.0,4.0,0.0,0.0,GKP,BOU,1.0,4.0,0.0,0.0,0.0,0.0
71,Zabarnyi,DEF,BOU,1.0,5.0,0.0,0.0,DEF,BOU,1.0,5.0,0.0,0.0,DEF,BOU,1.0,5.0,0.0,0.0,DEF,BOU,1.0,5.0,0.0,0.0,0.0,0.0
72,Senesi,DEF,BOU,0.0,4.5,90.0,2.0,DEF,BOU,0.0,4.5,90.0,9.0,DEF,BOU,0.0,4.6,90.0,14.0,DEF,BOU,0.0,4.6,90.0,3.0,360.0,28.0
73,Smith,DEF,BOU,0.0,4.5,89.0,1.0,DEF,BOU,0.0,4.5,90.0,6.0,DEF,BOU,0.5,4.5,25.0,1.0,DEF,BOU,1.0,4.5,0.0,0.0,204.0,8.0
74,Truffert,DEF,BOU,0.0,4.5,90.0,0.0,DEF,BOU,0.0,4.5,90.0,6.0,DEF,BOU,0.0,4.5,90.0,7.0,DEF,BOU,0.0,4.5,90.0,2.0,360.0,15.0
75,Akinmboni,DEF,BOU,0.0,4.0,0.0,0.0,DEF,BOU,0.0,4.0,0.0,0.0,DEF,BOU,0.0,4.0,0.0,0.0,DEF,BOU,0.0,4.0,0.0,0.0,0.0,0.0
76,Bevan,DEF,BOU,0.0,4.0,0.0,0.0,DEF,BOU,0.0,4.0,0.0,0.0,DEF,BOU,0.0,4.0,0.0,0.0,DEF,BOU,0.0,4.0,0.0,0.0,0.0,0.0
77,Hill,DEF,BOU,0.0,4.0,1.0,1.0,DEF,BOU,0.0,4.0,2.0,1.0,DEF,BOU,0.0,4.0,64.0,5.0,DEF,BOU,0.0,4.0,86.0,2.0,153.0,9.0
78,J.Araujo,DEF,BOU,0.0,4.0,0.0,0.0,DEF,BOU,0.0,4.0,0.0,0.0,DEF,BOU,0.0,4.0,0.0,0.0,DEF,BOU,0.0,4.0,0.0,0.0,0.0,0.0
79,Mepham,DEF,BOU,0.0,4.0,0.0,0.0,DEF,BOU,0.0,4.0,0.0,0.0,DEF,BOU,1.0,4.0,0.0,0.0,DEF,BOU,1.0,4.0,0.0,0.0,0.0,0.0
80,Soler,DEF,BOU,0.0,4.0,0.0,0.0,DEF,BOU,0.0,4.0,0.0,0.0,DEF,BOU,0.0,4.0,0.0,0.0,DEF,BOU,0.0,4.0,1.0,1.0,1.0,1.0
81,Kluivert,MID,BOU,1.0,7.0,0.0,0.0,MID,BOU,0.0,7.0,12.0,1.0,MID,BOU,0.0,7.0,9.0,1.0,MID,BOU,0.0,7.0,23.0,1.0,44.0,3.0
82,Semenyo,MID,BOU,0.0,7.1,90.0,15.0,MID,BOU,0.0,7.2,90.0,6.0,MID,BOU,0.0,7.4,90.0,2.0,MID,BOU,0.0,7.5,90.0,13.0,360.0,36.0
83,O.Dango,MID,BRE,0.5,6.0,0.0,0.0,MID,BRE,0.0,6.0,83.0,13.0,MID,BRE,0.0,6.0,90.0,2.0,MID,BRE,0.0,6.0,17.0,1.0,190.0,16.0
84,Tavernier,MID,BOU,0.0,5.5,90.0,4.0,MID,BOU,0.0,5.5,77.0,11.0,MID,BOU,0.0,5.5,80.0,3.0,MID,BOU,0.0,5.5,85.0,2.0,332.0,20.0
85,Adams,MID,BOU,0.0,5.0,90.0,4.0,MID,BOU,0.0,5.0,87.0,2.0,MID,BOU,0.0,5.0,90.0,4.0,MID,BOU,0.0,5.0,90.0,1.0,357.0,11.0
86,Brooks,MID,BOU,0.0,5.0,83.0,4.0,MID,BOU,0.0,5.0,66.0,3.0,MID,BOU,0.0,5.0,63.0,4.0,MID,BOU,0.0,5.0,66.0,1.0,278.0,12.0
87,Christie,MID,BOU,1.0,5.0,0.0,0.0,MID,BOU,0.0,5.0,24.0,1.0,MID,BOU,0.0,5.0,27.0,1.0,MID,BOU,0.25,5.0,0.0,0.0,51.0,2.0
88,Cook,MID,BOU,1.0,5.0,0.0,0.0,MID,BOU,1.0,5.0,0.0,0.0,MID,BOU,1.0,4.9,0.0,0.0,MID,BOU,0.0,4.9,4.0,1.0,4.0,1.0
89,Philip,MID,BOU,0.0,5.0,0.0,0.0,MID,BOU,1.0,4.9,0.0,0.0,MID,BOU,1.0,4.9,0.0,0.0,MID,BOU,1.0,4.9,0.0,0.0,0.0,0.0
90,Scott,MID,BOU,0.0,5.0,73.0,2.0,MID,BOU,0.0,5.0,65.0,2.0,MID,BOU,0.0,5.0,62.0,3.0,MID,BOU,0.0,5.0,66.0,9.0,266.0,16.0
91,Sinisterra,MID,BOU,0.75,5.0,0.0,0.0,MID,BOU,1.0,5.0,0.0,0.0,MID,BOU,1.0,5.0,0.0,0.0,MID,BOU,1.0,5.0,0.0,0.0,0.0,0.0
92,Faivre,MID,BOU,0.0,4.5,0.0,0.0,MID,BOU,0.0,4.5,0.0,0.0,MID,BOU,0.0,4.5,0.0,0.0,MID,BOU,1.0,4.5,0.0,0.0,0.0,0.0
93,H.Traorè,MID,BOU,0.0,4.5,16.0,4.0,MID,BOU,0.0,4.5,0.0,0.0,MID,BOU,1.0,4.5,0.0,0.0,MID,BOU,1.0,4.5,0.0,0.0,16.0,4.0
94,Sadi,MID,BOU,0.0,4.5,0.0,0.0,MID,BOU,0.0,4.5,0.0,0.0,MID,BOU,0.0,4.5,0.0,0.0,MID,BOU,0.0,4.5,0.0,0.0,0.0,0.0
95,Silcott-Duberry,MID,BOU,0.0,4.5,0.0,0.0,MID,BOU,0.0,4.5,0.0,0.0,MID,BOU,0.0,4.5,0.0,0.0,MID,BOU,0.0,4.4,0.0,0.0,0.0,0.0
96,Winterburn,MID,BOU,0.0,4.5,6.0,1.0,MID,BOU,0.0,4.5,0.0,0.0,MID,BOU,1.0,4.5,0.0,0.0,MID,BOU,1.0,4.5,0.0,0.0,6.0,1.0
97,Evanilson,FWD,BOU,0.0,7.0,90.0,1.0,FWD,BOU,0.0,7.0,87.0,2.0,FWD,BOU,0.0,7.0,80.0,8.0,FWD,BOU,0.0,7.0,90.0,5.0,347.0,16.0
98,Enes Ünal,FWD,BOU,1.0,5.5,0.0,0.0,FWD,BOU,1.0,5.5,0.0,0.0,FWD,BOU,1.0,5.5,0.0,0.0,FWD,BOU,1.0,5.5,0.0,0.0,0.0,0.0
99,Adu-Adjei,FWD,BOU,0.0,4.5,0.0,0.0,FWD,BOU,0.0,4.5,0.0,0.0,FWD,BOU,0.0,4.4,0.0,0.0,FWD,BOU,0.0,4.4,0.0,0.0,0.0,0.0
100,Kroupi.Jr,FWD,BOU,0.0,4.5,1.0,1.0,FWD,BOU,0.0,4.5,2.0,1.0,FWD,BOU,0.0,4.5,9.0,1.0,FWD,BOU,0.0,4.5,0.0,0.0,12.0,3.0
101,Kelleher,GKP,BRE,0.0,4.5,90.0,1.0,GKP,BRE,0.0,4.5,90.0,5.0,GKP,BRE,0.0,4.5,90.0,1.0,GKP,BRE,0.0,4.5,90.0,2.0,360.0,9.0
102,Balcombe,GKP,BRE,0.0,4.0,0.0,0.0,GKP,BRE,0.0,4.0,0.0,0.0,GKP,BRE,0.0,4.0,0.0,0.0,GKP,BRE,0.0,4.0,0.0,0.0,0.0,0.0
103,Cox,GKP,BRE,0.0,4.0,0.0,0.0,GKP,BRE,0.0,4.0,0.0,0.0,GKP,BRE,0.0,4.0,0.0,0.0,GKP,BRE,0.0,4.0,0.0,0.0,0.0,0.0
104,Eyestone,GKP,BRE,0.0,4.0,0.0,0.0,GKP,BRE,0.0,4.0,0.0,0.0,GKP,BRE,0.0,4.0,0.0,0.0,GKP,BRE,0.0,4.0,0.0,0.0,0.0,0.0
105,Valdimarsson,GKP,BRE,0.0,4.0,0.0,0.0,GKP,BRE,0.0,4.0,0.0,0.0,GKP,BRE,0.0,4.0,0.0,0.0,GKP,BRE,0.0,4.0,0.0,0.0,0.0,0.0
106,Collins,DEF,BRE,0.0,5.0,90.0,0.0,DEF,BRE,0.0,5.0,90.0,9.0,DEF,BRE,0.0,5.0,90.0,3.0,DEF,BRE,0.0,5.0,90.0,3.0,360.0,15.0
107,Lewis-Potter,DEF,BRE,0.0,5.0,68.0,1.0,DEF,BRE,0.0,5.0,90.0,6.0,DEF,BRE,0.0,5.0,71.0,6.0,DEF,BRE,0.0,5.0,89.0,1.0,318.0,14.0
108,Ajer,DEF,BRE,0.0,4.5,0.0,0.0,DEF,BRE,0.0,4.5,5.0,1.0,DEF,BRE,0.0,4.5,0.0,0.0,DEF,BRE,0.0,4.4,7.0,4.0,12.0,5.0
109,Henry,DEF,BRE,0.0,4.5,87.0,1.0,DEF,BRE,0.0,4.5,6.0,1.0,DEF,BRE,0.0,4.5,18.0,-1.0,DEF,BRE,0.0,4.5,18.0,1.0,129.0,2.0
110,Kayode,DEF,BRE,0.0,4.5,90.0,1.0,DEF,BRE,0.0,4.5,84.0,10.0,DEF,BRE,0.0,4.5,90.0,1.0,DEF,BRE,0.0,4.5,82.0,2.0,346.0,14.0
111,Pinnock,DEF,BRE,0.25,4.5,0.0,0.0,DEF,BRE,0.0,4.5,0.0,0.0,DEF,BRE,0.0,4.4,0.0,0.0,DEF,BRE,0.0,4.4,82.0,1.0,82.0,1.0
112,Roerslev,DEF,BRE,0.0,4.5,0.0,0.0,DEF,BRE,1.0,4.5,0.0,0.0,DEF,BRE,1.0,4.5,0.0,0.0,DEF,BRE,1.0,4.5,0.0,0.0,0.0,0.0
113,Van den Berg,DEF,BRE,0.0,4.5,90.0,3.0,DEF,BRE,0.0,4.5,90.0,8.0,DEF,BRE,0.0,4.5,90.0,3.0,DEF,BRE,0.0,4.5,90.0,1.0,360.0,15.0
114,Arthur,DEF,BRE,0.0,4.0,0.0,0.0,DEF,BRE,0.0,4.0,0.0,0.0,DEF,BRE,0.0,4.0,0.0,0.0,DEF,BRE,0.0,4.0,0.0,0.0,0.0,0.0
115,Fredrick,DEF,BRE,0.0,4.0,0.0,0.0,DEF,BRE,0.0,4.0,0.0,0.0,DEF,BRE,0.0,4.0,0.0,0.0,DEF,BRE,0.0,4.0,0.0,0.0,0.0,0.0
116,Hickey,DEF,BRE,0.0,4.0,2.0,0.0,DEF,BRE,0.0,4.0,11.0,1.0,DEF,BRE,0.0,4.0,0.0,0.0,DEF,BRE,0.0,4.0,7.0,1.0,20.0,2.0
117,Ji-soo,DEF,BRE,0.0,4.0,0.0,0.0,DEF,BRE,0.0,4.0,0.0,0.0,DEF,BRE,0.0,4.0,0.0,0.0,DEF,BRE,0.0,4.0,0.0,0.0,0.0,0.0
118,Meghoma,DEF,BRE,1.0,4.0,0.0,0.0,DEF,BRE,1.0,4.0,0.0,0.0,DEF,BRE,1.0,4.0,0.0,0.0,DEF,BRE,1.0,4.0,0.0,0.0,0.0,0.0
119,Mbeumo,MID,MUN,0.0,8.0,90.0,2.0,MID,MUN,0.0,8.0,90.0,2.0,MID,MUN,0.0,8.1,90.0,10.0,MID,MUN,0.0,8.1,90.0,2.0,360.0,16.0
120,Schade,MID,BRE,0.0,7.0,45.0,1.0,MID,BRE,0.0,7.0,78.0,3.0,MID,BRE,0.0,7.0,89.0,0.0,MID,BRE,0.0,7.0,90.0,7.0,302.0,11.0
121,Damsgaard,MID,BRE,0.0,6.0,0.0,0.0,MID,BRE,0.0,5.9,90.0,5.0,MID,BRE,0.0,5.9,90.0,2.0,MID,BRE,0.0,5.9,0.0,0.0,180.0,7.0
122,Milambo,MID,BRE,0.0,5.5,45.0,1.0,MID,BRE,0.0,5.5,0.0,0.0,MID,BRE,0.0,5.4,0.0,0.0,MID,BRE,0.0,5.4,0.0,0.0,45.0,1.0
123,Carvalho,MID,BRE,0.0,5.0,90.0,2.0,MID,BRE,0.0,5.0,0.0,0.0,MID,BRE,0.0,4.9,1.0,1.0,MID,BRE,0.0,4.9,1.0,7.0,92.0,10.0
124,Henderson,MID,BRE,0.0,5.0,21.0,1.0,MID,BRE,0.0,5.0,68.0,3.0,MID,BRE,0.0,5.0,70.0,3.0,MID,BRE,0.0,5.0,90.0,6.0,249.0,13.0
125,Janelt,MID,BRE,1.0,5.0,0.0,0.0,MID,BRE,0.75,4.9,0.0,0.0,MID,BRE,0.75,4.9,0.0,0.0,MID,BRE,0.0,4.9,0.0,0.0,0.0,0.0
126,Jensen,MID,BRE,0.0,5.0,68.0,2.0,MID,BRE,0.0,5.0,11.0,1.0,MID,BRE,0.0,4.9,0.0,0.0,MID,BRE,0.0,4.9,72.0,2.0,151.0,5.0
127,Nunes,MID,BRE,1.0,5.0,0.0,0.0,MID,BRE,1.0,5.0,0.0,0.0,MID,BRE,1.0,4.9,0.0,0.0,MID,BRE,1.0,4.9,0.0,0.0,0.0,0.0
128,Onyeka,MID,BRE,0.0,5.0,21.0,4.0,MID,BRE,0.0,5.0,21.0,1.0,MID,BRE,0.0,5.0,19.0,4.0,MID,BRE,0.0,5.0,0.0,0.0,61.0,9.0
129,Yarmoliuk,MID,BRE,0.0,5.0,90.0,2.0,MID,BRE,0.0,5.0,78.0,5.0,MID,BRE,0.0,5.0,90.0,2.0,MID,BRE,0.0,5.0,90.0,3.0,348.0,12.0
130,Donovan,MID,BRE,0.0,4.5,0.0,0.0,MID,BRE,0.0,4.5,0.0,0.0,MID,BRE,0.0,4.5,0.0,0.0,MID,BRE,0.0,4.5,0.0,0.0,0.0,0.0
131,Konak,MID,BRE,0.0,4.5,0.0,0.0,MID,BRE,0.0,4.5,0.0,0.0,MID,BRE,0.0,4.4,0.0,0.0,MID,BRE,0.0,4.4,0.0,0.0,0.0,0.0
132,Maghoma,MID,BRE,1.0,4.5,0.0,0.0,MID,BRE,0.75,4.5,0.0,0.0,MID,BRE,0.75,4.5,0.0,0.0,MID,BRE,0.75,4.5,0.0,0.0,0.0,0.0
133,Peart-Harris,MID,BRE,0.0,4.5,0.0,0.0,MID,BRE,0.0,4.5,0.0,0.0,MID,BRE,0.0,4.5,0.0,0.0,MID,BRE,0.0,4.5,0.0,0.0,0.0,0.0
134,Trevitt,MID,BRE,1.0,4.5,0.0,0.0,MID,BRE,1.0,4.5,0.0,0.0,MID,BRE,1.0,4.5,0.0,0.0,MID,BRE,1.0,4.5,0.0,0.0,0.0,0.0
135,Wissa,FWD,BRE,1.0,7.5,0.0,0.0,FWD,BRE,1.0,7.5,0.0,0.0,FWD,NEW,0.0,7.5,0.0,0.0,FWD,NEW,1.0,7.5,0.0,0.0,0.0,0.0
136,Thiago,FWD,BRE,0.0,6.0,90.0,6.0,FWD,BRE,0.0,6.0,90.0,2.0,FWD,BRE,0.0,6.0,90.0,6.0,FWD,BRE,0.0,6.0,71.0,1.0,341.0,15.0
137,Morgan,FWD,BRE,0.0,4.5,0.0,0.0,FWD,BRE,0.0,4.5,0.0,0.0,FWD,BRE,0.0,4.4,0.0,0.0,FWD,BRE,0.0,4.4,0.0,0.0,0.0,0.0
138,Steele,GKP,BRI,0.0,4.5,0.0,0.0,GKP,BRI,0.0,4.5,0.0,0.0,GKP,BRI,0.0,4.5,0.0,0.0,GKP,BRI,0.0,4.4,0.0,0.0,0.0,0.0
139,Verbruggen,GKP,BRI,0.0,4.5,90.0,2.0,GKP,BRI,0.0,4.5,90.0,1.0,GKP,BRI,0.0,4.5,90.0,2.0,GKP,BRI,0.0,4.5,90.0,2.0,360.0,7.0
140,McGill,GKP,BRI,0.0,4.0,0.0,0.0,GKP,BRI,0.0,4.0,0.0,0.0,GKP,BRI,0.0,4.0,0.0,0.0,GKP,BRI,0.0,4.0,0.0,0.0,0.0,0.0
141,Rushworth,GKP,BRI,1.0,4.0,0.0,0.0,GKP,BRI,1.0,4.0,0.0,0.0,GKP,BRI,1.0,4.0,0.0,0.0,GKP,BRI,1.0,4.0,0.0,0.0,0.0,0.0
142,Scherpen,GKP,BRI,1.0,4.0,0.0,0.0,GKP,BRI,1.0,4.0,0.0,0.0,GKP,BRI,1.0,4.0,0.0,0.0,GKP,BRI,1.0,4.0,0.0,0.0,0.0,0.0
143,Boscagli,DEF,BRI,0.0,4.5,0.0,0.0,DEF,BRI,0.0,4.5,0.0,0.0,DEF,BRI,0.0,4.4,0.0,0.0,DEF,BRI,0.0,4.4,0.0,0.0,0.0,0.0
144,Coppola,DEF,BRI,0.0,4.5,0.0,0.0,DEF,BRI,0.0,4.5,0.0,0.0,DEF,BRI,0.0,4.4,1.0,1.0,DEF,BRI,0.0,4.4,0.0,0.0,1.0,1.0
145,De Cuyper,DEF,BRI,0.0,4.5,90.0,2.0,DEF,BRI,0.0,4.5,66.0,0.0,DEF,BRI,0.0,4.5,90.0,2.0,DEF,BRI,0.25,4.5,23.0,1.0,269.0,5.0
146,Dunk,DEF,BRI,0.0,4.5,90.0,2.0,DEF,BRI,0.0,4.5,90.0,1.0,DEF,BRI,0.0,4.5,90.0,5.0,DEF,BRI,0.0,4.5,90.0,2.0,360.0,10.0
147,Estupiñan,DEF,BRI,1.0,4.5,0.0,0.0,DEF,BRI,1.0,4.5,0.0,0.0,DEF,BRI,1.0,4.5,0.0,0.0,DEF,BRI,1.0,4.5,0.0,0.0,0.0,0.0
148,F.Kadıoğlu,DEF,BRI,0.0,4.5,21.0,0.0,DEF,BRI,0.0,4.4,23.0,0.0,DEF,BRI,0.0,4.4,0.0,0.0,DEF,BRI,0.0,4.4,66.0,4.0,110.0,4.0
149,Igor,DEF,BRI,0.0,4.5,0.0,0.0,DEF,BRI,0.0,4.5,0.0,0.0,DEF,WHM,0.0,4.5,0.0,0.0,DEF,WHM,0.0,4.5,0.0,0.0,0.0,0.0
150,Lamptey,DEF,BRI,0.0,4.5,0.0,0.0,DEF,BRI,0.0,4.5,0.0,0.0,DEF,BRI,1.0,4.4,0.0,0.0,DEF,BRI,1.0,4.4,0.0,0.0,0.0,0.0
151,Van Hecke,DEF,BRI,0.0,4.5,90.0,2.0,DEF,BRI,0.0,4.5,90.0,1.0,DEF,BRI,0.0,4.5,90.0,1.0,DEF,BRI,0.0,4.5,90.0,3.0,360.0,7.0
152,Veltman,DEF,BRI,0.0,4.5,0.0,0.0,DEF,BRI,0.0,4.4,0.0,0.0,DEF,BRI,0.0,4.4,90.0,1.0,DEF,BRI,0.0,4.4,90.0,3.0,180.0,4.0
153,Webster,DEF,BRI,1.0,4.5,0.0,0.0,DEF,BRI,1.0,4.5,0.0,0.0,DEF,BRI,1.0,4.4,0.0,0.0,DEF,BRI,1.0,4.4,0.0,0.0,0.0,0.0
154,Cashin,DEF,BRI,1.0,4.0,0.0,0.0,DEF,BRI,1.0,4.0,0.0,0.0,DEF,BRI,1.0,4.0,0.0,0.0,DEF,BRI,1.0,4.0,0.0,0.0,0.0,0.0
155,Slater,DEF,BRI,0.0,4.0,0.0,0.0,DEF,BRI,0.0,4.0,0.0,0.0,DEF,BRI,0.0,4.0,0.0,0.0,DEF,BRI,0.0,4.0,0.0,0.0,0.0,0.0
156,Tasker,DEF,BRI,0.0,4.0,0.0,0.0,DEF,BRI,0.0,4.0,0.0,0.0,DEF,BRI,0.0,4.0,0.0,0.0,DEF,BRI,0.0,4.0,0.0,0.0,0.0,0.0
157,Mitoma,MID,BRI,0.0,6.5,82.0,2.0,MID,BRI,0.0,6.4,90.0,2.0,MID,BRI,0.0,6.4,90.0,5.0,MID,BRI,0.0,6.4,90.0,7.0,352.0,16.0
158,Georginio,MID,BRI,0.0,6.0,68.0,6.0,MID,BRI,0.25,6.0,0.0,0.0,MID,BRI,0.0,5.9,29.0,1.0,MID,BRI,0.0,5.8,66.0,1.0,163.0,8.0
159,March,MID,BRI,1.0,6.0,0.0,0.0,MID,BRI,1.0,5.9,0.0,0.0,MID,BRI,1.0,5.9,0.0,0.0,MID,BRI,1.0,5.8,0.0,0.0,0.0,0.0
160,Minteh,MID,BRI,0.0,6.0,68.0,3.0,MID,BRI,0.0,5.9,90.0,2.0,MID,BRI,0.0,5.9,90.0,4.0,MID,BRI,0.0,5.9,90.0,6.0,338.0,15.0
161,Enciso,MID,BRI,1.0,5.5,0.0,0.0,MID,BRI,1.0,5.4,0.0,0.0,MID,BRI,1.0,5.4,0.0,0.0,MID,BRI,1.0,5.4,0.0,0.0,0.0,0.0
162,Gruda,MID,BRI,0.0,5.5,7.0,1.0,MID,BRI,0.0,5.4,5.0,1.0,MID,BRI,0.0,5.4,29.0,8.0,MID,BRI,0.0,5.4,23.0,1.0,64.0,11.0
163,Hinshelwood,MID,BRI,0.0,5.5,0.0,0.0,MID,BRI,0.0,5.4,45.0,1.0,MID,BRI,0.0,5.3,60.0,2.0,MID,BRI,0.25,5.3,2.0,1.0,107.0,4.0
164,O'Riley,MID,BRI,0.0,5.5,87.0,10.0,MID,BRI,0.0,5.5,90.0,2.0,MID,BRI,1.0,5.5,0.0,0.0,MID,BRI,1.0,5.5,0.0,0.0,177.0,12.0
165,Sima,MID,BRI,0.0,5.5,0.0,0.0,MID,BRI,0.0,5.4,0.0,0.0,MID,BRI,1.0,5.4,0.0,0.0,MID,BRI,1.0,5.4,0.0,0.0,0.0,0.0
166,Ayari,MID,BRI,0.0,5.0,90.0,3.0,MID,BRI,0.0,5.0,66.0,2.0,MID,BRI,0.0,5.0,29.0,1.0,MID,BRI,0.0,4.9,87.0,2.0,272.0,8.0
167,Baleba,MID,BRI,0.0,5.0,68.0,3.0,MID,BRI,0.0,5.0,45.0,1.0,MID,BRI,0.0,4.9,59.0,1.0,MID,BRI,0.0,4.9,24.0,0.0,196.0,5.0
168,Buonanotte,MID,BRI,0.0,5.0,0.0,0.0,MID,BRI,0.0,4.9,0.0,0.0,MID,CHE,0.0,4.9,0.0,0.0,MID,CHE,0.0,4.8,45.0,1.0,45.0,1.0
169,Gomez,MID,BRI,0.0,5.0,21.0,0.0,MID,BRI,0.0,5.0,23.0,1.0,MID,BRI,0.0,5.0,60.0,2.0,MID,BRI,0.0,5.0,0.0,0.0,104.0,3.0
170,Milner,MID,BRI,0.0,5.0,2.0,1.0,MID,BRI,0.0,5.0,0.0,0.0,MID,BRI,0.0,5.0,30.0,6.0,MID,BRI,0.0,5.0,65.0,1.0,97.0,8.0
171,Sarmiento,MID,BRI,0.0,5.0,0.0,0.0,MID,BRI,0.0,4.9,0.0,0.0,MID,BRI,1.0,4.9,0.0,0.0,MID,BRI,1.0,4.9,0.0,0.0,0.0,0.0
172,Watson,MID,BRI,0.0,5.0,0.0,0.0,MID,BRI,0.0,5.0,0.0,0.0,MID,BRI,0.0,5.0,0.0,0.0,MID,BRI,0.0,4.9,0.0,0.0,0.0,0.0
173,Wieffer,MID,BRI,0.0,5.0,90.0,4.0,MID,BRI,0.0,5.0,84.0,3.0,MID,BRI,0.25,5.0,0.0,0.0,MID,BRI,0.0,4.9,0.0,0.0,174.0,7.0
174,Yalcouye,MID,BRI,1.0,5.0,0.0,0.0,MID,BRI,1.0,5.0,0.0,0.0,MID,BRI,1.0,5.0,0.0,0.0,MID,BRI,1.0,5.0,0.0,0.0,0.0,0.0
175,Knight,MID,BRI,0.0,4.5,0.0,0.0,MID,BRI,0.0,4.5,0.0,0.0,MID,BRI,0.0,4.5,0.0,0.0,MID,BRI,0.0,4.5,0.0,0.0,0.0,0.0
176,Mazilu,MID,BRI,0.0,4.5,0.0,0.0,MID,BRI,0.0,4.5,0.0,0.0,MID,BRI,0.0,4.5,0.0,0.0,MID,BRI,0.0,4.5,0.0,0.0,0.0,0.0
177,Moran,MID,BRI,0.0,4.5,0.0,0.0,MID,BRI,1.0,4.5,0.0,0.0,MID,BRI,1.0,4.5,0.0,0.0,MID,BRI,1.0,4.5,0.0,0.0,0.0,0.0
178,Welbeck,FWD,BRI,0.0,6.5,21.0,1.0,FWD,BRI,0.0,6.4,90.0,0.0,FWD,BRI,0.0,6.4,60.0,2.0,FWD,BRI,0.0,6.3,66.0,2.0,237.0,5.0
179,Ferguson,FWD,BRI,1.0,5.5,0.0,0.0,FWD,BRI,1.0,5.5,0.0,0.0,FWD,BRI,1.0,5.5,0.0,0.0,FWD,BRI,1.0,5.5,0.0,0.0,0.0,0.0
180,Tzimas,FWD,BRI,0.0,5.5,0.0,0.0,FWD,BRI,0.0,5.4,0.0,0.0,FWD,BRI,0.0,5.4,0.0,0.0,FWD,BRI,0.0,5.4,23.0,1.0,23.0,1.0
181,Kostoulas,FWD,BRI,0.0,5.0,0.0,0.0,FWD,BRI,0.0,5.0,0.0,0.0,FWD,BRI,0.0,4.9,0.0,0.0,FWD,BRI,0.0,4.9,0.0,0.0,0.0,0.0
182,Trafford,GKP,MCI,0.0,5.0,90.0,7.0,GKP,MCI,0.0,5.0,90.0,2.0,GKP,MCI,0.0,5.0,90.0,2.0,GKP,MCI,0.0,4.9,0.0,0.0,270.0,11.0
183,Weiss,GKP,BUR,0.0,4.5,0.0,0.0,GKP,BUR,0.0,4.5,0.0,0.0,GKP,BUR,0.0,4.5,0.0,0.0,GKP,BUR,0.0,4.4,0.0,0.0,0.0,0.0
184,Green,GKP,BUR,0.0,4.0,0.0,0.0,GKP,BUR,0.0,4.0,0.0,0.0,GKP,BUR,1.0,4.0,0.0,0.0,GKP,BUR,1.0,4.0,0.0,0.0,0.0,0.0
185,Hladký,GKP,BUR,0.0,4.0,0.0,0.0,GKP,BUR,0.0,4.0,0.0,0.0,GKP,BUR,0.0,4.0,0.0,0.0,GKP,BUR,0.0,4.0,0.0,0.0,0.0,0.0
186,Roberts,DEF,BUR,0.0,4.5,0.0,0.0,DEF,BUR,1.0,4.5,0.0,0.0,DEF,BUR,1.0,4.4,0.0,0.0,DEF,BUR,1.0,4.4,0.0,0.0,0.0,0.0
187,Walker,DEF,BUR,0.0,4.5,90.0,1.0,DEF,BUR,0.0,4.5,90.0,6.0,DEF,BUR,0.0,4.5,90.0,0.0,DEF,BUR,0.0,4.5,90.0,2.0,360.0,9.0
188,Delcroix,DEF,BUR,0.0,4.0,0.0,0.0,DEF,BUR,0.0,4.0,0.0,0.0,DEF,BUR,0.0,4.0,0.0,0.0,DEF,BUR,0.0,4.0,0.0,0.0,0.0,0.0
189,Dodgson,DEF,BUR,1.0,4.0,0.0,0.0,DEF,BUR,1.0,4.0,0.0,0.0,DEF,BUR,1.0,4.0,0.0,0.0,DEF,BUR,1.0,4.0,0.0,0.0,0.0,0.0
190,Ekdal,DEF,BUR,0.0,4.0,90.0,1.0,DEF,BUR,0.0,4.0,90.0,9.0,DEF,BUR,0.0,4.0,82.0,3.0,DEF,BUR,0.0,4.0,90.0,4.0,352.0,17.0
191,Estève,DEF,BUR,0.0,4.0,90.0,1.0,DEF,BUR,0.0,4.0,82.0,6.0,DEF,BUR,0.0,4.0,90.0,1.0,DEF,BUR,0.0,4.0,90.0,4.0,352.0,12.0
192,Hartman,DEF,BUR,0.0,4.0,90.0,1.0,DEF,BUR,0.0,4.0,90.0,6.0,DEF,BUR,0.0,4.0,90.0,1.0,DEF,BUR,0.0,4.0,90.0,4.0,360.0,12.0
193,Humphreys,DEF,BUR,0.75,4.0,0.0,0.0,DEF,BUR,0.25,4.0,0.0,0.0,DEF,BUR,0.0,4.0,0.0,0.0,DEF,BUR,0.0,4.0,0.0,0.0,0.0,0.0
194,Jordan,DEF,BUR,0.0,4.0,0.0,0.0,DEF,BUR,1.0,4.0,0.0,0.0,DEF,BUR,1.0,4.0,0.0,0.0,DEF,BUR,1.0,4.0,0.0,0.0,0.0,0.0
195,Lucas Pires,DEF,BUR,0.0,4.0,0.0,0.0,DEF,BUR,0.0,4.0,0.0,0.0,DEF,BUR,0.0,4.0,0.0,0.0,DEF,BUR,0.0,3.9,0.0,0.0,0.0,0.0
196,Sambo,DEF,BUR,1.0,4.0,0.0,0.0,DEF,BUR,1.0,4.0,0.0,0.0,DEF,BUR,1.0,4.0,0.0,0.0,DEF,BUR,1.0,4.0,0.0,0.0,0.0,0.0
197,Sonne,DEF,BUR,0.0,4.0,73.0,1.0,DEF,BUR,0.0,4.0,21.0,1.0,DEF,BUR,0.0,4.0,8.0,1.0,DEF,BUR,0.0,4.0,0.0,0.0,102.0,3.0
198,Tuanzebe,DEF,BUR,0.0,4.0,0.0,0.0,DEF,BUR,0.25,4.0,0.0,0.0,DEF,BUR,0.0,3.9,0.0,0.0,DEF,BUR,0.0,3.9,0.0,0.0,0.0,0.0
199,Worrall,DEF,BUR,0.0,4.0,0.0,0.0,DEF,BUR,0.0,4.0,7.0,1.0,DEF,BUR,0.0,4.0,7.0,1.0,DEF,BUR,0.0,4.0,4.0,1.0,18.0,3.0
200,Anthony,MID,BUR,0.0,5.5,84.0,2.0,MID,BUR,0.0,5.5,90.0,13.0,MID,BUR,0.0,5.5,90.0,6.0,MID,BUR,0.0,5.5,88.0,3.0,352.0,24.0
201,Benson,MID,BUR,0.0,5.5,0.0,0.0,MID,BUR,0.0,5.5,0.0,0.0,MID,BUR,0.0,5.4,0.0,0.0,MID,BUR,0.0,5.4,0.0,0.0,0.0,0.0
202,Bruun Larsen,MID,BUR,0.0,5.5,27.0,1.0,MID,BUR,0.0,5.5,68.0,3.0,MID,BUR,0.0,5.4,81.0,5.0,MID,BUR,0.25,5.4,0.0,0.0,176.0,9.0
203,Boateng,MID,BUR,0.0,5.0,0.0,0.0,MID,BUR,0.0,5.0,0.0,0.0,MID,BUR,0.0,4.9,0.0,0.0,MID,BUR,0.0,4.9,0.0,0.0,0.0,0.0
204,Churlinov,MID,BUR,0.0,5.0,0.0,0.0,MID,BUR,0.0,5.0,0.0,0.0,MID,BUR,1.0,4.9,0.0,0.0,MID,BUR,1.0,4.9,0.0,0.0,0.0,0.0
205,Cullen,MID,BUR,0.0,5.0,90.0,4.0,MID,BUR,0.0,5.0,90.0,14.0,MID,BUR,0.0,5.0,90.0,2.0,MID,BUR,0.0,5.0,62.0,3.0,332.0,23.0
206,Edwards,MID,BUR,0.0,5.0,5.0,1.0,MID,BUR,0.0,4.9,0.0,0.0,MID,BUR,0.0,4.9,0.0,0.0,MID,BUR,0.0,4.8,0.0,0.0,5.0,1.0
207,Hannibal,MID,BUR,0.0,5.0,62.0,2.0,MID,BUR,0.0,5.0,82.0,5.0,MID,BUR,0.0,5.0,64.0,2.0,MID,BUR,0.0,5.0,27.0,1.0,235.0,10.0
208,Koleosho,MID,BUR,0.0,5.0,0.0,0.0,MID,BUR,1.0,5.0,0.0,0.0,MID,BUR,1.0,5.0,0.0,0.0,MID,BUR,1.0,5.0,0.0,0.0,0.0,0.0
209,Laurent,MID,BUR,0.0,5.0,62.0,2.0,MID,BUR,0.0,5.0,21.0,1.0,MID,BUR,0.0,5.0,14.0,0.0,MID,BUR,0.0,4.9,90.0,2.0,187.0,5.0
210,Tchaouna,MID,BUR,0.0,5.0,16.0,1.0,MID,BUR,0.0,5.0,7.0,1.0,MID,BUR,0.0,5.0,25.0,3.0,MID,BUR,0.0,4.9,62.0,3.0,110.0,8.0
211,A.Ramsey,MID,BUR,0.0,4.5,0.0,0.0,MID,BUR,0.0,4.5,0.0,0.0,MID,BUR,1.0,4.4,0.0,0.0,MID,BUR,1.0,4.4,0.0,0.0,0.0,0.0
212,Adewumi,MID,BUR,1.0,4.5,0.0,0.0,MID,BUR,1.0,4.5,0.0,0.0,MID,BUR,1.0,4.5,0.0,0.0,MID,BUR,1.0,4.5,0.0,0.0,0.0,0.0
213,Banel,MID,BUR,0.0,4.5,0.0,0.0,MID,BUR,0.0,4.5,0.0,0.0,MID,BUR,0.0,4.5,0.0,0.0,MID,BUR,0.0,4.5,0.0,0.0,0.0,0.0
214,Trésor,MID,BUR,0.0,4.5,0.0,0.0,MID,BUR,0.0,4.5,0.0,0.0,MID,BUR,0.0,4.5,0.0,0.0,MID,BUR,0.0,4.5,0.0,0.0,0.0,0.0
215,Flemming,FWD,BUR,0.0,5.5,16.0,1.0,FWD,BUR,0.0,5.5,4.0,1.0,FWD,BUR,0.0,5.4,0.0,0.0,FWD,BUR,0.0,5.4,0.0,0.0,20.0,2.0
216,Amdouni,FWD,BUR,1.0,5.0,0.0,0.0,FWD,BUR,1.0,4.9,0.0,0.0,FWD,BUR,1.0,4.9,0.0,0.0,FWD,BUR,1.0,4.9,0.0,0.0,0.0,0.0
217,Foster,FWD,BUR,0.0,5.0,73.0,2.0,FWD,BUR,0.0,5.0,85.0,2.0,FWD,BUR,0.0,5.0,90.0,6.0,FWD,BUR,0.0,5.0,85.0,2.0,333.0,12.0
218,Barnes,FWD,BUR,0.0,4.5,0.0,0.0,FWD,BUR,0.0,4.5,0.0,0.0,FWD,BUR,0.0,4.4,0.0,0.0,FWD,BUR,0.0,4.4,0.0,0.0,0.0,0.0
219,Obafemi,FWD,BUR,0.0,4.5,0.0,0.0,FWD,BUR,0.0,4.5,0.0,0.0,FWD,BUR,1.0,4.4,0.0,0.0,FWD,BUR,1.0,4.4,0.0,0.0,0.0,0.0
220,Sánchez,GKP,CHE,0.0,5.0,90.0,8.0,GKP,CHE,0.0,5.0,90.0,3.0,GKP,CHE,0.0,5.0,90.0,6.0,GKP,CHE,0.0,5.0,90.0,2.0,360.0,19.0
221,Jörgensen,GKP,CHE,0.0,4.5,0.0,0.0,GKP,CHE,0.0,4.5,0.0,0.0,GKP,CHE,0.0,4.4,0.0,0.0,GKP,CHE,0.0,4.4,0.0,0.0,0.0,0.0
222,Penders,GKP,CHE,1.0,4.0,0.0,0.0,GKP,CHE,1.0,4.0,0.0,0.0,GKP,CHE,1.0,4.0,0.0,0.0,GKP,CHE,1.0,4.0,0.0,0.0,0.0,0.0
223,Slonina,GKP,CHE,0.0,4.0,0.0,0.0,GKP,CHE,0.0,4.0,0.0,0.0,GKP,CHE,0.0,4.0,0.0,0.0,GKP,CHE,0.0,4.0,0.0,0.0,0.0,0.0
224,Cucurella,DEF,CHE,0.0,6.0,90.0,8.0,DEF,CHE,0.0,6.1,68.0,5.0,DEF,CHE,0.0,6.1,90.0,6.0,DEF,CHE,0.0,6.2,45.0,1.0,293.0,20.0
225,James,DEF,CHE,0.0,5.5,78.0,5.0,DEF,CHE,0.0,5.5,21.0,1.0,DEF,CHE,0.0,5.5,9.0,1.0,DEF,CHE,0.0,5.5,45.0,1.0,153.0,8.0
226,Chalobah,DEF,CHE,0.0,5.0,90.0,6.0,DEF,CHE,0.0,5.0,68.0,8.0,DEF,CHE,0.0,5.1,90.0,13.0,DEF,CHE,0.0,5.1,90.0,3.0,338.0,30.0
227,Colwill,DEF,CHE,1.0,5.0,0.0,0.0,DEF,CHE,1.0,4.9,0.0,0.0,DEF,CHE,1.0,4.9,0.0,0.0,DEF,CHE,1.0,4.8,0.0,0.0,0.0,0.0
228,Gusto,DEF,CHE,0.0,5.0,11.0,1.0,DEF,CHE,0.0,5.0,68.0,2.0,DEF,CHE,0.0,5.0,90.0,6.0,DEF,CHE,0.0,4.9,0.0,0.0,169.0,9.0
229,B.Badiashile,DEF,CHE,1.0,4.5,0.0,0.0,DEF,CHE,1.0,4.4,0.0,0.0,DEF,CHE,1.0,4.4,0.0,0.0,DEF,CHE,0.5,4.4,0.0,0.0,0.0,0.0
230,Fofana,DEF,CHE,0.0,4.5,0.0,0.0,DEF,CHE,0.0,4.5,21.0,1.0,DEF,CHE,0.0,4.4,0.0,0.0,DEF,CHE,0.0,4.4,45.0,1.0,66.0,2.0
231,M.Sarr,DEF,CHE,1.0,4.5,0.0,0.0,DEF,CHE,1.0,4.5,0.0,0.0,DEF,CHE,1.0,4.5,0.0,0.0,DEF,CHE,1.0,4.5,0.0,0.0,0.0,0.0
232,Tosin,DEF,CHE,0.25,4.5,0.0,0.0,DEF,CHE,0.0,4.5,90.0,2.0,DEF,CHE,0.0,4.5,90.0,8.0,DEF,CHE,0.0,4.5,90.0,1.0,270.0,11.0
233,Acheampong,DEF,CHE,0.0,4.0,90.0,9.0,DEF,CHE,0.0,4.0,0.0,0.0,DEF,CHE,0.0,4.0,0.0,0.0,DEF,CHE,0.0,4.0,0.0,0.0,90.0,9.0
234,Anselmino,DEF,CHE,0.0,4.0,0.0,0.0,DEF,CHE,0.0,4.0,0.0,0.0,DEF,CHE,1.0,4.0,0.0,0.0,DEF,CHE,1.0,4.0,0.0,0.0,0.0,0.0
235,Palmer,MID,CHE,0.0,10.5,90.0,3.0,MID,CHE,0.25,10.5,0.0,0.0,MID,CHE,1.0,10.4,0.0,0.0,MID,CHE,0.0,10.4,34.0,7.0,124.0,10.0
236,Neto,MID,CHE,0.0,7.0,90.0,3.0,MID,CHE,0.0,7.0,90.0,7.0,MID,CHE,0.0,7.0,80.0,3.0,MID,CHE,0.0,7.0,90.0,2.0,350.0,15.0
237,Enzo,MID,CHE,0.0,6.5,78.0,3.0,MID,CHE,0.0,6.5,90.0,10.0,MID,CHE,0.0,6.6,90.0,12.0,MID,CHE,0.0,6.6,90.0,4.0,348.0,29.0
238,Estêvão,MID,CHE,0.0,6.5,36.0,0.0,MID,CHE,0.0,6.5,76.0,5.0,MID,CHE,0.0,6.5,67.0,3.0,MID,CHE,0.0,6.5,0.0,0.0,179.0,8.0
239,Gittens,MID,CHE,0.0,6.5,53.0,1.0,MID,CHE,0.0,6.4,13.0,1.0,MID,CHE,0.0,6.3,22.0,1.0,MID,CHE,0.0,6.3,55.0,1.0,143.0,4.0
240,Nkunku,MID,CHE,0.0,6.0,0.0,0.0,MID,CHE,1.0,5.9,0.0,0.0,MID,CHE,1.0,5.9,0.0,0.0,MID,CHE,1.0,5.9,0.0,0.0,0.0,0.0
241,Caicedo,MID,CHE,0.0,5.5,90.0,5.0,MID,CHE,0.0,5.5,90.0,8.0,MID,CHE,0.0,5.5,90.0,4.0,MID,CHE,0.0,5.6,90.0,12.0,360.0,29.0
242,Dewsbury-Hall,MID,EVE,0.0,5.0,90.0,2.0,MID,EVE,0.0,5.0,90.0,2.0,MID,EVE,0.0,5.0,90.0,12.0,MID,EVE,0.0,5.0,90.0,2.0,360.0,18.0
243,George,MID,CHE,0.0,5.0,0.0,0.0,MID,CHE,0.0,5.0,0.0,0.0,MID,CHE,0.0,4.9,66.0,3.0,MID,CHE,0.0,4.9,45.0,0.0,111.0,3.0
244,Lavia,MID,CHE,1.0,5.0,0.0,0.0,MID,CHE,1.0,4.9,0.0,0.0,MID,CHE,1.0,4.9,0.0,0.0,MID,CHE,0.5,4.9,0.0,0.0,0.0,0.0
245,Mudryk,MID,CHE,1.0,5.0,0.0,0.0,MID,CHE,1.0,5.0,0.0,0.0,MID,CHE,1.0,5.0,0.0,0.0,MID,CHE,1.0,5.0,0.0,0.0,0.0,0.0
246,Andrey Santos,MID,CHE,0.0,4.5,11.0,1.0,MID,CHE,0.0,4.5,28.0,1.0,MID,CHE,0.0,4.5,9.0,0.0,MID,CHE,0.0,4.5,0.0,0.0,48.0,2.0
247,D.Essugo,MID,CHE,0.0,4.5,0.0,0.0,MID,CHE,0.0,4.5,0.0,0.0,MID,CHE,0.0,4.4,0.0,0.0,MID,CHE,1.0,4.4,0.0,0.0,0.0,0.0
248,Paez,MID,CHE,1.0,4.5,0.0,0.0,MID,CHE,1.0,4.5,0.0,0.0,MID,CHE,1.0,4.5,0.0,0.0,MID,CHE,1.0,4.5,0.0,0.0,0.0,0.0
249,João Pedro,FWD,CHE,0.0,7.5,72.0,2.0,FWD,CHE,0.0,7.6,90.0,15.0,FWD,CHE,0.0,7.7,90.0,9.0,FWD,CHE,0.0,7.8,78.0,7.0,330.0,33.0
250,Delap,FWD,CHE,0.0,6.5,17.0,1.0,FWD,CHE,0.0,6.4,61.0,2.0,FWD,CHE,0.75,6.3,13.0,1.0,FWD,CHE,1.0,6.3,0.0,0.0,91.0,4.0
251,N.Jackson,FWD,CHE,0.0,6.5,0.0,0.0,FWD,CHE,1.0,6.5,0.0,0.0,FWD,CHE,1.0,6.5,0.0,0.0,FWD,CHE,1.0,6.5,0.0,0.0,0.0,0.0
252,Marc Guiu,FWD,SUN,0.0,4.5,0.0,0.0,FWD,SUN,0.0,4.5,10.0,1.0,FWD,CHE,0.0,4.4,3.0,1.0,FWD,CHE,0.0,4.4,0.0,0.0,13.0,2.0
253,Henderson,GKP,CRY,0.0,5.0,90.0,6.0,GKP,CRY,0.0,5.0,90.0,2.0,GKP,CRY,0.0,5.0,90.0,7.0,GKP,CRY,0.0,5.0,90.0,6.0,360.0,21.0
254,Benitez,GKP,CRY,0.0,4.0,0.0,0.0,GKP,CRY,0.0,4.0,0.0,0.0,GKP,CRY,0.0,4.0,0.0,0.0,GKP,CRY,0.0,4.0,0.0,0.0,0.0,0.0
255,Matthews,GKP,CRY,0.0,4.0,0.0,0.0,GKP,CRY,0.0,4.0,0.0,0.0,GKP,CRY,0.0,4.0,0.0,0.0,GKP,CRY,0.0,4.0,0.0,0.0,0.0,0.0
256,Muñoz,DEF,CRY,0.0,5.5,90.0,5.0,DEF,CRY,0.0,5.5,90.0,5.0,DEF,CRY,0.0,5.5,90.0,9.0,DEF,CRY,0.0,5.6,90.0,5.0,360.0,24.0
257,Lacroix,DEF,CRY,0.0,5.0,90.0,8.0,DEF,CRY,0.0,5.0,90.0,3.0,DEF,CRY,0.0,5.0,90.0,11.0,DEF,CRY,0.0,5.0,90.0,6.0,360.0,28.0
258,Mitchell,DEF,CRY,0.0,5.0,90.0,9.0,DEF,CRY,0.0,5.0,90.0,1.0,DEF,CRY,0.0,5.0,90.0,6.0,DEF,CRY,0.0,5.0,90.0,6.0,360.0,22.0
259,Sosa,DEF,CRY,0.0,5.0,0.0,0.0,DEF,CRY,0.0,5.0,0.0,0.0,DEF,CRY,0.0,5.0,0.0,0.0,DEF,CRY,0.0,4.9,0.0,0.0,0.0,0.0
260,Guéhi,DEF,CRY,0.0,4.5,90.0,6.0,DEF,CRY,0.0,4.5,90.0,2.0,DEF,CRY,0.0,4.6,90.0,15.0,DEF,CRY,0.0,4.7,90.0,6.0,360.0,29.0
261,Richards,DEF,CRY,0.0,4.5,90.0,6.0,DEF,CRY,0.0,4.5,90.0,2.0,DEF,CRY,0.0,4.5,90.0,8.0,DEF,CRY,0.0,4.5,90.0,6.0,360.0,22.0
262,Chadi Riad,DEF,CRY,1.0,4.0,0.0,0.0,DEF,CRY,1.0,4.0,0.0,0.0,DEF,CRY,1.0,4.0,0.0,0.0,DEF,CRY,1.0,4.0,0.0,0.0,0.0,0.0
263,Clyne,DEF,CRY,0.0,4.0,0.0,0.0,DEF,CRY,0.0,4.0,0.0,0.0,DEF,CRY,0.0,4.0,4.0,1.0,DEF,CRY,0.0,4.0,0.0,0.0,4.0,1.0
264,Holding,DEF,CRY,1.0,4.0,0.0,0.0,DEF,CRY,1.0,4.0,0.0,0.0,DEF,CRY,1.0,4.0,0.0,0.0,DEF,CRY,1.0,4.0,0.0,0.0,0.0,0.0
265,Kporha,DEF,CRY,1.0,4.0,0.0,0.0,DEF,CRY,1.0,4.0,0.0,0.0,DEF,CRY,1.0,4.0,0.0,0.0,DEF,CRY,0.75,4.0,0.0,0.0,0.0,0.0
266,Eze,MID,CRY,0.0,7.5,83.0,3.0,MID,ARS,0.0,7.5,0.0,0.0,MID,ARS,0.0,7.5,20.0,1.0,MID,ARS,0.0,7.5,78.0,6.0,181.0,10.0
267,Sarr,MID,CRY,0.0,6.5,90.0,3.0,MID,CRY,0.0,6.5,90.0,8.0,MID,CRY,0.25,6.5,90.0,7.0,MID,CRY,1.0,6.5,0.0,0.0,270.0,18.0
268,Doucouré,MID,CRY,1.0,5.0,0.0,0.0,MID,CRY,1.0,5.0,0.0,0.0,MID,CRY,1.0,5.0,0.0,0.0,MID,CRY,1.0,4.9,0.0,0.0,0.0,0.0
269,Esse,MID,CRY,0.0,5.0,0.0,0.0,MID,CRY,0.0,4.9,24.0,1.0,MID,CRY,0.0,4.9,0.0,0.0,MID,CRY,0.0,4.9,0.0,0.0,24.0,1.0
270,Hughes,MID,CRY,0.0,5.0,69.0,2.0,MID,CRY,0.0,5.0,90.0,1.0,MID,CRY,0.0,4.9,70.0,2.0,MID,CRY,0.0,4.9,90.0,3.0,319.0,8.0
271,Kamada,MID,CRY,1.0,5.0,0.0,0.0,MID,CRY,0.75,5.0,0.0,0.0,MID,CRY,0.0,5.0,85.0,6.0,MID,CRY,0.0,5.0,90.0,3.0,175.0,9.0
272,Lerma,MID,CRY,0.0,5.0,20.0,1.0,MID,CRY,0.0,5.0,8.0,1.0,MID,CRY,0.0,5.0,34.0,1.0,MID,CRY,0.0,5.0,68.0,3.0,130.0,6.0
273,Wharton,MID,CRY,0.0,5.0,90.0,3.0,MID,CRY,0.0,5.0,81.0,2.0,MID,CRY,0.25,5.0,55.0,1.0,MID,CRY,0.5,5.0,0.0,0.0,226.0,6.0
274,Agbinone,MID,CRY,0.0,4.5,0.0,0.0,MID,CRY,0.0,4.5,0.0,0.0,MID,CRY,0.0,4.5,0.0,0.0,MID,CRY,0.0,4.5,0.0,0.0,0.0,0.0
275,Ahamada,MID,CRY,0.0,4.5,0.0,0.0,MID,CRY,0.0,4.5,0.0,0.0,MID,CRY,0.0,4.5,0.0,0.0,MID,CRY,0.0,4.5,0.0,0.0,0.0,0.0
276,Devenny,MID,CRY,0.0,4.5,6.0,1.0,MID,CRY,0.0,4.5,65.0,2.0,MID,CRY,0.0,4.5,5.0,1.0,MID,CRY,0.0,4.5,21.0,1.0,97.0,5.0
277,Ebiowei,MID,CRY,1.0,4.5,0.0,0.0,MID,CRY,1.0,4.5,0.0,0.0,MID,CRY,1.0,4.5,0.0,0.0,MID,CRY,1.0,4.5,0.0,0.0,0.0,0.0
278,J.Rak-Sakyi,MID,CRY,0.0,4.5,0.0,0.0,MID,CRY,0.0,4.5,0.0,0.0,MID,CRY,0.0,4.5,0.0,0.0,MID,CRY,0.0,4.4,0.0,0.0,0.0,0.0
279,M.França,MID,CRY,1.0,4.5,0.0,0.0,MID,CRY,1.0,4.5,0.0,0.0,MID,CRY,1.0,4.5,0.0,0.0,MID,CRY,1.0,4.5,0.0,0.0,0.0,0.0
280,Ozoh,MID,CRY,1.0,4.5,0.0,0.0,MID,CRY,1.0,4.5,0.0,0.0,MID,CRY,1.0,4.5,0.0,0.0,MID,CRY,1.0,4.5,0.0,0.0,0.0,0.0
281,Rodney,MID,CRY,0.0,4.5,0.0,0.0,MID,CRY,0.0,4.5,0.0,0.0,MID,CRY,0.0,4.5,0.0,0.0,MID,CRY,0.0,4.5,0.0,0.0,0.0,0.0
282,Umeh,MID,CRY,0.0,4.5,0.0,0.0,MID,CRY,0.0,4.5,0.0,0.0,MID,CRY,0.0,4.5,0.0,0.0,MID,CRY,0.0,4.5,0.0,0.0,0.0,0.0
283,Mateta,FWD,CRY,0.0,7.5,90.0,1.0,FWD,CRY,0.0,7.5,87.0,2.0,FWD,CRY,0.0,7.5,84.0,5.0,FWD,CRY,0.0,7.6,90.0,2.0,351.0,10.0
284,Nketiah,FWD,CRY,1.0,5.5,0.0,0.0,FWD,CRY,1.0,5.4,0.0,0.0,FWD,CRY,1.0,5.4,0.0,0.0,FWD,CRY,0.5,5.4,0.0,0.0,0.0,0.0
285,Édouard,FWD,CRY,0.0,5.0,0.0,0.0,FWD,CRY,0.0,5.0,2.0,1.0,FWD,CRY,1.0,5.0,0.0,0.0,FWD,CRY,1.0,5.0,0.0,0.0,2.0,1.0
286,Marsh,FWD,CRY,0.0,4.5,0.0,0.0,FWD,CRY,0.0,4.5,0.0,0.0,FWD,CRY,0.0,4.5,0.0,0.0,FWD,CRY,0.0,4.5,0.0,0.0,0.0,0.0
287,Pickford,GKP,EVE,0.0,5.5,90.0,2.0,GKP,EVE,0.0,5.5,90.0,15.0,GKP,EVE,0.0,5.5,90.0,1.0,GKP,EVE,0.0,5.5,90.0,6.0,360.0,24.0
288,Travers,GKP,EVE,0.0,4.5,0.0,0.0,GKP,EVE,0.0,4.5,0.0,0.0,GKP,EVE,0.0,4.5,0.0,0.0,GKP,EVE,0.0,4.5,0.0,0.0,0.0,0.0
289,Tyrer,GKP,EVE,0.0,4.0,0.0,0.0,GKP,EVE,0.0,4.0,0.0,0.0,GKP,EVE,0.0,4.0,0.0,0.0,GKP,EVE,0.0,4.0,0.0,0.0,0.0,0.0
290,Branthwaite,DEF,EVE,1.0,5.5,0.0,0.0,DEF,EVE,1.0,5.4,0.0,0.0,DEF,EVE,1.0,5.3,0.0,0.0,DEF,EVE,1.0,5.3,0.0,0.0,0.0,0.0
291,Tarkowski,DEF,EVE,0.0,5.5,90.0,4.0,DEF,EVE,0.0,5.5,90.0,8.0,DEF,EVE,0.0,5.5,90.0,3.0,DEF,EVE,0.0,5.5,90.0,8.0,360.0,23.0
292,Mykolenko,DEF,EVE,0.25,5.0,0.0,0.0,DEF,EVE,1.0,4.9,0.0,0.0,DEF,EVE,0.25,4.9,90.0,1.0,DEF,EVE,0.25,4.9,0.0,0.0,90.0,1.0
293,O'Brien,DEF,EVE,0.0,5.0,90.0,2.0,DEF,EVE,0.0,5.0,90.0,6.0,DEF,EVE,0.0,5.0,90.0,1.0,DEF,EVE,0.0,5.0,90.0,6.0,360.0,15.0
294,Coleman,DEF,EVE,0.0,4.5,0.0,0.0,DEF,EVE,0.0,4.5,0.0,0.0,DEF,EVE,0.0,4.5,1.0,1.0,DEF,EVE,0.0,4.4,0.0,0.0,1.0,1.0
295,Keane,DEF,EVE,0.0,4.5,90.0,2.0,DEF,EVE,0.0,4.5,90.0,8.0,DEF,EVE,0.0,4.5,90.0,3.0,DEF,EVE,0.0,4.5,90.0,6.0,360.0,19.0
296,Patterson,DEF,EVE,0.25,4.5,0.0,0.0,DEF,EVE,1.0,4.5,0.0,0.0,DEF,EVE,1.0,4.4,0.0,0.0,DEF,EVE,0.0,4.4,0.0,0.0,0.0,0.0
297,Dixon,DEF,EVE,0.0,4.0,0.0,0.0,DEF,EVE,0.0,4.0,0.0,0.0,DEF,EVE,0.0,4.0,0.0,0.0,DEF,EVE,0.0,4.0,0.0,0.0,0.0,0.0
298,Welch,DEF,EVE,0.0,4.0,0.0,0.0,DEF,EVE,0.0,4.0,0.0,0.0,DEF,EVE,0.0,4.0,0.0,0.0,DEF,EVE,0.0,4.0,0.0,0.0,0.0,0.0
299,Ndiaye,MID,EVE,0.0,6.5,90.0,2.0,MID,EVE,0.0,6.5,63.0,8.0,MID,EVE,0.0,6.5,90.0,7.0,MID,EVE,0.0,6.5,90.0,5.0,333.0,22.0
300,McNeil,MID,EVE,0.0,6.0,0.0,0.0,MID,EVE,0.0,5.9,19.0,1.0,MID,EVE,0.0,5.8,0.0,0.0,MID,EVE,0.0,5.7,0.0,0.0,19.0,1.0
301,Alcaraz,MID,EVE,0.0,5.5,85.0,1.0,MID,EVE,0.0,5.4,26.0,1.0,MID,EVE,0.0,5.4,2.0,1.0,MID,EVE,0.0,5.3,0.0,0.0,113.0,3.0
302,Gana,MID,EVE,0.0,5.5,90.0,2.0,MID,EVE,0.0,5.5,90.0,3.0,MID,EVE,0.0,5.4,75.0,2.0,MID,EVE,0.0,5.4,90.0,3.0,345.0,10.0
303,Garner,MID,EVE,0.0,5.0,90.0,2.0,MID,EVE,0.0,5.0,90.0,10.0,MID,EVE,0.0,5.0,90.0,4.0,MID,EVE,0.0,5.0,90.0,5.0,360.0,21.0
304,Iroegbunam,MID,EVE,0.0,5.0,70.0,2.0,MID,EVE,0.0,5.0,70.0,2.0,MID,EVE,0.0,5.0,14.0,1.0,MID,EVE,0.0,5.0,65.0,2.0,219.0,7.0
305,Armstrong,MID,EVE,0.25,4.5,0.0,0.0,MID,EVE,0.0,4.5,1.0,1.0,MID,EVE,1.0,4.5,0.0,0.0,MID,EVE,1.0,4.5,0.0,0.0,1.0,1.0
306,Bates,MID,EVE,0.0,4.5,0.0,0.0,MID,EVE,0.0,4.5,0.0,0.0,MID,EVE,0.0,4.5,0.0,0.0,MID,EVE,0.0,4.5,0.0,0.0,0.0,0.0
307,Ebere,MID,EVE,0.0,4.5,0.0,0.0,MID,EVE,0.0,4.5,0.0,0.0,MID,EVE,0.0,4.5,0.0,0.0,MID,EVE,0.0,4.5,0.0,0.0,0.0,0.0
308,Heath,MID,EVE,0.0,4.5,0.0,0.0,MID,EVE,0.0,4.5,0.0,0.0,MID,EVE,1.0,4.5,0.0,0.0,MID,EVE,1.0,4.5,0.0,0.0,0.0,0.0
309,Metcalfe,MID,EVE,1.0,4.5,0.0,0.0,MID,EVE,1.0,4.5,0.0,0.0,MID,EVE,1.0,4.5,0.0,0.0,MID,EVE,1.0,4.5,0.0,0.0,0.0,0.0
310,Barry,FWD,EVE,0.0,6.0,4.0,1.0,FWD,EVE,0.0,5.9,63.0,2.0,FWD,EVE,0.0,5.9,14.0,1.0,FWD,EVE,0.0,5.8,15.0,1.0,96.0,5.0
311,Beto,FWD,EVE,0.0,5.5,90.0,2.0,FWD,EVE,0.0,5.4,26.0,0.0,FWD,EVE,0.0,5.4,75.0,7.0,FWD,EVE,0.0,5.4,74.0,2.0,265.0,11.0
312,Y.Chermiti,FWD,EVE,0.0,5.0,0.0,0.0,FWD,EVE,0.0,5.0,0.0,0.0,FWD,EVE,1.0,4.9,0.0,0.0,FWD,EVE,1.0,4.9,0.0,0.0,0.0,0.0
313,Sherif,FWD,EVE,0.0,4.5,0.0,0.0,FWD,EVE,0.0,4.5,0.0,0.0,FWD,EVE,0.0,4.4,0.0,0.0,FWD,EVE,0.0,4.4,0.0,0.0,0.0,0.0
314,Leno,GKP,FUL,0.0,5.0,90.0,3.0,GKP,FUL,0.0,5.0,90.0,3.0,GKP,FUL,0.0,5.0,90.0,2.0,GKP,FUL,0.0,5.0,90.0,8.0,360.0,16.0
315,Benda,GKP,FUL,1.0,4.0,0.0,0.0,GKP,FUL,1.0,4.0,0.0,0.0,GKP,FUL,1.0,4.0,0.0,0.0,GKP,FUL,1.0,4.0,0.0,0.0,0.0,0.0
316,Robinson,DEF,FUL,1.0,5.0,0.0,0.0,DEF,FUL,0.0,5.0,28.0,1.0,DEF,FUL,0.0,5.0,23.0,1.0,DEF,FUL,0.0,5.0,0.0,0.0,51.0,2.0
317,Andersen,DEF,FUL,0.0,4.5,90.0,2.0,DEF,FUL,0.0,4.5,90.0,4.0,DEF,FUL,0.0,4.5,90.0,3.0,DEF,FUL,0.0,4.5,90.0,10.0,360.0,19.0
318,Bassey,DEF,FUL,0.0,4.5,90.0,1.0,DEF,FUL,0.0,4.5,90.0,2.0,DEF,FUL,0.0,4.5,90.0,1.0,DEF,FUL,0.0,4.5,90.0,9.0,360.0,13.0
319,Castagne,DEF,FUL,0.0,4.5,6.0,1.0,DEF,FUL,0.0,4.5,61.0,2.0,DEF,FUL,0.0,4.5,59.0,0.0,DEF,FUL,0.0,4.5,0.0,0.0,126.0,3.0
320,Diop,DEF,FUL,0.0,4.5,0.0,0.0,DEF,FUL,0.0,4.5,0.0,0.0,DEF,FUL,0.0,4.4,0.0,0.0,DEF,FUL,0.0,4.4,0.0,0.0,0.0,0.0
321,J.Cuenca,DEF,FUL,0.0,4.5,83.0,2.0,DEF,FUL,0.0,4.5,0.0,0.0,DEF,FUL,0.0,4.5,0.0,0.0,DEF,FUL,0.0,4.4,0.0,0.0,83.0,2.0
322,Tete,DEF,FUL,0.0,4.5,90.0,2.0,DEF,FUL,0.0,4.5,90.0,2.0,DEF,FUL,0.0,4.5,90.0,3.0,DEF,FUL,0.0,4.5,90.0,6.0,360.0,13.0
323,Amissah,DEF,FUL,0.0,4.0,0.0,0.0,DEF,FUL,0.0,4.0,0.0,0.0,DEF,FUL,0.0,4.0,0.0,0.0,DEF,FUL,0.0,4.0,0.0,0.0,0.0,0.0
324,Iwobi,MID,FUL,0.0,6.5,65.0,2.0,MID,FUL,0.0,6.5,90.0,7.0,MID,FUL,0.0,6.5,83.0,1.0,MID,FUL,0.0,6.5,75.0,3.0,313.0,13.0
325,Smith Rowe,MID,FUL,0.0,6.0,13.0,1.0,MID,FUL,0.0,5.9,19.0,6.0,MID,FUL,0.0,5.9,23.0,1.0,MID,FUL,0.0,5.9,30.0,1.0,85.0,9.0
326,Adama,MID,FUL,0.0,5.5,24.0,1.0,MID,FUL,0.0,5.4,0.0,0.0,MID,FUL,0.0,5.4,6.0,1.0,MID,FUL,0.0,5.4,30.0,1.0,60.0,3.0
327,Andreas,MID,FUL,0.0,5.5,0.0,0.0,MID,FUL,0.0,5.4,0.0,0.0,MID,FUL,1.0,5.3,0.0,0.0,MID,FUL,1.0,5.3,0.0,0.0,0.0,0.0
328,Sessegnon,MID,FUL,0.25,5.5,0.0,0.0,MID,FUL,0.0,5.4,61.0,2.0,MID,FUL,0.0,5.4,66.0,2.0,MID,FUL,0.0,5.4,90.0,3.0,217.0,7.0
329,Wilson,MID,FUL,0.0,5.5,90.0,5.0,MID,FUL,0.0,5.5,28.0,1.0,MID,FUL,0.0,5.4,30.0,1.0,MID,FUL,0.0,5.4,59.0,1.0,207.0,8.0
330,Berge,MID,FUL,0.0,5.0,65.0,2.0,MID,FUL,0.0,5.0,90.0,2.0,MID,FUL,0.0,5.0,90.0,2.0,MID,FUL,0.0,5.0,83.0,4.0,328.0,10.0
331,Cairney,MID,FUL,0.0,5.0,24.0,0.0,MID,FUL,0.0,5.0,0.0,0.0,MID,FUL,0.0,4.9,0.0,0.0,MID,FUL,0.0,4.9,6.0,1.0,30.0,1.0
332,Lukić,MID,FUL,0.0,5.0,90.0,2.0,MID,FUL,0.0,5.0,90.0,3.0,MID,FUL,0.0,5.0,90.0,1.0,MID,FUL,0.0,5.0,90.0,6.0,360.0,12.0
333,Godo,MID,FUL,0.0,4.5,0.0,0.0,MID,FUL,0.0,4.5,0.0,0.0,MID,FUL,1.0,4.5,0.0,0.0,MID,FUL,1.0,4.5,0.0,0.0,0.0,0.0
334,Harris,MID,FUL,1.0,4.5,0.0,0.0,MID,FUL,1.0,4.5,0.0,0.0,MID,FUL,1.0,4.5,0.0,0.0,MID,FUL,1.0,4.5,0.0,0.0,0.0,0.0
335,King,MID,FUL,0.0,4.5,76.0,2.0,MID,FUL,0.0,4.5,70.0,2.0,MID,FUL,0.0,4.5,66.0,2.0,MID,FUL,0.0,4.5,59.0,1.0,271.0,7.0
336,Reed,MID,FUL,0.0,4.5,0.0,0.0,MID,FUL,0.0,4.5,0.0,0.0,MID,FUL,0.0,4.4,0.0,0.0,MID,FUL,0.0,4.4,0.0,0.0,0.0,0.0
337,Raúl,FWD,FUL,0.0,6.5,65.0,2.0,FWD,FUL,0.0,6.4,19.0,1.0,FWD,FUL,0.0,6.4,31.0,1.0,FWD,FUL,0.0,6.3,6.0,1.0,121.0,5.0
338,Muniz,FWD,FUL,0.0,5.5,24.0,7.0,FWD,FUL,0.0,5.5,70.0,0.0,FWD,FUL,0.0,5.5,58.0,1.0,FWD,FUL,0.0,5.5,83.0,2.0,235.0,10.0
339,Meslier,GKP,LEE,0.0,4.5,0.0,0.0,GKP,LEE,0.0,4.5,0.0,0.0,GKP,LEE,0.0,4.4,0.0,0.0,GKP,LEE,0.0,4.4,0.0,0.0,0.0,0.0
340,Cairns,GKP,LEE,0.0,4.0,0.0,0.0,GKP,LEE,0.0,4.0,0.0,0.0,GKP,LEE,0.0,4.0,0.0,0.0,GKP,LEE,0.0,4.0,0.0,0.0,0.0,0.0
341,Darlow,GKP,LEE,0.0,4.0,0.0,0.0,GKP,LEE,0.0,4.0,0.0,0.0,GKP,LEE,0.0,4.0,0.0,0.0,GKP,LEE,0.0,4.0,90.0,3.0,90.0,3.0
342,Bogle,DEF,LEE,0.25,4.5,90.0,6.0,DEF,LEE,0.0,4.5,82.0,-1.0,DEF,LEE,0.0,4.5,90.0,6.0,DEF,LEE,0.0,4.5,90.0,2.0,352.0,13.0
343,Struijk,DEF,LEE,0.0,4.5,90.0,8.0,DEF,LEE,0.0,4.5,90.0,0.0,DEF,LEE,0.0,4.5,90.0,6.0,DEF,LEE,0.0,4.5,90.0,2.0,360.0,16.0
344,Bijol,DEF,LEE,0.0,4.0,0.0,0.0,DEF,LEE,0.0,4.0,0.0,0.0,DEF,LEE,0.0,4.0,0.0,0.0,DEF,LEE,0.0,4.0,0.0,0.0,0.0,0.0
345,Bornauw,DEF,LEE,0.25,4.0,0.0,0.0,DEF,LEE,0.0,4.0,0.0,0.0,DEF,LEE,0.0,4.0,0.0,0.0,DEF,LEE,0.0,4.0,0.0,0.0,0.0,0.0
346,Byram,DEF,LEE,0.0,4.0,0.0,0.0,DEF,LEE,0.0,4.0,7.0,1.0,DEF,LEE,0.0,4.0,0.0,0.0,DEF,LEE,0.0,4.0,0.0,0.0,7.0,1.0
347,Gudmundsson,DEF,LEE,0.0,4.0,90.0,9.0,DEF,LEE,0.0,4.0,90.0,-1.0,DEF,LEE,0.25,4.0,79.0,9.0,DEF,LEE,0.0,4.0,90.0,0.0,349.0,17.0
348,Rodon,DEF,LEE,0.0,4.0,90.0,7.0,DEF,LEE,0.0,4.0,90.0,2.0,DEF,LEE,0.25,4.0,90.0,7.0,DEF,LEE,0.0,4.0,90.0,4.0,360.0,20.0
349,Schmidt,DEF,LEE,0.0,4.0,0.0,0.0,DEF,LEE,0.0,4.0,0.0,0.0,DEF,LEE,1.0,4.0,0.0,0.0,DEF,LEE,1.0,4.0,0.0,0.0,0.0,0.0
350,Aaronson,MID,LEE,0.0,5.5,23.0,1.0,MID,LEE,0.0,5.4,24.0,1.0,MID,LEE,0.0,5.4,30.0,1.0,MID,LEE,0.0,5.4,76.0,5.0,153.0,8.0
351,Gnonto,MID,LEE,0.0,5.5,66.0,3.0,MID,LEE,0.0,5.5,65.0,2.0,MID,LEE,0.0,5.4,59.0,0.0,MID,LEE,0.0,5.4,1.0,1.0,191.0,6.0
352,Harrison,MID,LEE,0.0,5.5,12.0,1.0,MID,LEE,0.0,5.4,0.0,0.0,MID,LEE,0.0,5.4,30.0,1.0,MID,LEE,0.0,5.3,22.0,1.0,64.0,3.0
353,James,MID,LEE,0.0,5.5,77.0,3.0,MID,LEE,0.0,5.5,65.0,2.0,MID,LEE,0.0,5.4,59.0,1.0,MID,LEE,0.25,5.4,11.0,1.0,212.0,7.0
354,Ampadu,MID,LEE,0.0,5.0,77.0,3.0,MID,LEE,1.0,5.0,0.0,0.0,MID,LEE,1.0,4.9,0.0,0.0,MID,LEE,0.0,4.9,90.0,4.0,167.0,7.0
355,Greenwood,MID,LEE,0.0,5.0,0.0,0.0,MID,LEE,0.0,4.9,0.0,0.0,MID,LEE,1.0,4.9,0.0,0.0,MID,LEE,1.0,4.9,0.0,0.0,0.0,0.0
356,Gruev,MID,LEE,0.0,5.0,12.0,1.0,MID,LEE,0.0,5.0,90.0,2.0,MID,LEE,0.0,5.0,90.0,3.0,MID,LEE,0.0,4.9,0.0,0.0,192.0,6.0
357,Ramazani,MID,LEE,0.0,5.0,0.0,0.0,MID,LEE,0.0,4.9,0.0,0.0,MID,LEE,1.0,4.9,0.0,0.0,MID,LEE,1.0,4.9,0.0,0.0,0.0,0.0
358,Tanaka,MID,LEE,0.0,5.0,90.0,3.0,MID,LEE,0.25,5.0,57.0,1.0,MID,LEE,1.0,4.9,0.0,0.0,MID,LEE,0.0,4.9,0.0,0.0,147.0,4.0
359,Crew,MID,LEE,1.0,4.5,0.0,0.0,MID,LEE,1.0,4.5,0.0,0.0,MID,LEE,1.0,4.5,0.0,0.0,MID,LEE,1.0,4.5,0.0,0.0,0.0,0.0
360,Gelhardt,MID,LEE,1.0,4.5,0.0,0.0,MID,LEE,1.0,4.5,0.0,0.0,MID,LEE,1.0,4.5,0.0,0.0,MID,LEE,1.0,4.5,0.0,0.0,0.0,0.0
361,Gyabi,MID,LEE,0.0,4.5,0.0,0.0,MID,LEE,0.0,4.5,0.0,0.0,MID,LEE,1.0,4.5,0.0,0.0,MID,LEE,1.0,4.5,0.0,0.0,0.0,0.0
362,Piroe,FWD,LEE,0.0,5.5,77.0,2.0,FWD,LEE,0.0,5.4,57.0,1.0,FWD,LEE,0.0,5.4,0.0,0.0,FWD,LEE,0.25,5.3,0.0,0.0,134.0,3.0
363,Bamford,FWD,LEE,0.0,5.0,0.0,0.0,FWD,LEE,0.0,4.9,0.0,0.0,FWD,LEE,1.0,4.9,0.0,0.0,FWD,LEE,1.0,4.9,0.0,0.0,0.0,0.0
364,Mateo Joseph,FWD,LEE,1.0,5.0,0.0,0.0,FWD,LEE,1.0,5.0,0.0,0.0,FWD,LEE,1.0,5.0,0.0,0.0,FWD,LEE,1.0,5.0,0.0,0.0,0.0,0.0
365,Nmecha,FWD,LEE,0.0,5.0,12.0,5.0,FWD,LEE,0.0,5.0,32.0,1.0,FWD,LEE,0.0,5.0,69.0,2.0,FWD,LEE,0.0,5.0,21.0,1.0,134.0,9.0
366,A.Becker,GKP,LIV,0.0,5.5,90.0,1.0,GKP,LIV,0.0,5.5,90.0,1.0,GKP,LIV,0.0,5.5,90.0,8.0,GKP,LIV,0.0,5.5,90.0,6.0,360.0,16.0
367,Mamardashvili,GKP,LIV,0.0,4.5,0.0,0.0,GKP,LIV,0.0,4.4,0.0,0.0,GKP,LIV,0.0,4.4,0.0,0.0,GKP,LIV,0.0,4.4,0.0,0.0,0.0,0.0
368,Pécsi,GKP,LIV,0.0,4.0,0.0,0.0,GKP,LIV,0.0,4.0,0.0,0.0,GKP,LIV,0.0,4.0,0.0,0.0,GKP,LIV,0.0,4.0,0.0,0.0,0.0,0.0
369,Woodman,GKP,LIV,0.0,4.0,0.0,0.0,GKP,LIV,0.0,4.0,0.0,0.0,GKP,LIV,0.0,4.0,0.0,0.0,GKP,LIV,0.0,4.0,0.0,0.0,0.0,0.0
370,Frimpong,DEF,LIV,0.0,6.0,59.0,1.0,DEF,LIV,1.0,5.9,0.0,0.0,DEF,LIV,1.0,5.9,0.0,0.0,DEF,LIV,0.0,5.9,3.0,4.0,62.0,5.0
371,Kerkez,DEF,LIV,0.0,6.0,59.0,0.0,DEF,LIV,0.0,6.0,90.0,1.0,DEF,LIV,0.0,6.0,90.0,6.0,DEF,LIV,0.0,6.0,37.0,0.0,276.0,7.0
372,Robertson,DEF,LIV,0.0,6.0,30.0,0.0,DEF,LIV,0.0,6.0,0.0,0.0,DEF,LIV,0.0,5.9,0.0,0.0,DEF,LIV,0.0,5.9,52.0,1.0,82.0,1.0
373,Virgil,DEF,LIV,0.0,6.0,90.0,3.0,DEF,LIV,0.0,6.0,90.0,3.0,DEF,LIV,0.0,6.0,90.0,8.0,DEF,LIV,0.0,6.1,90.0,8.0,360.0,22.0
374,Konaté,DEF,LIV,0.0,5.5,90.0,1.0,DEF,LIV,0.0,5.5,90.0,0.0,DEF,LIV,0.0,5.5,78.0,6.0,DEF,LIV,0.0,5.5,86.0,9.0,344.0,16.0
375,Bradley,DEF,LIV,0.5,5.0,0.0,0.0,DEF,LIV,0.0,5.0,10.0,0.0,DEF,LIV,0.0,5.0,0.0,0.0,DEF,LIV,0.0,5.0,45.0,0.0,55.0,0.0
376,Gomez,DEF,LIV,0.0,5.0,18.0,1.0,DEF,LIV,0.0,5.0,0.0,0.0,DEF,LIV,0.0,5.0,11.0,1.0,DEF,LIV,0.0,5.0,0.0,0.0,29.0,2.0
377,Tsimikas,DEF,LIV,0.0,5.0,0.0,0.0,DEF,LIV,0.0,4.9,0.0,0.0,DEF,LIV,0.0,4.9,0.0,0.0,DEF,LIV,0.0,4.9,0.0,0.0,0.0,0.0
378,Nallo,DEF,LIV,0.0,4.0,0.0,0.0,DEF,LIV,0.0,4.0,0.0,0.0,DEF,LIV,0.0,3.9,0.0,0.0,DEF,LIV,0.0,3.9,0.0,0.0,0.0,0.0
379,R.Williams,DEF,LIV,0.0,4.0,0.0,0.0,DEF,LIV,0.0,4.0,0.0,0.0,DEF,LIV,0.0,3.9,0.0,0.0,DEF,LIV,0.0,3.9,0.0,0.0,0.0,0.0
380,Ramsay,DEF,LIV,0.0,4.0,0.0,0.0,DEF,LIV,0.0,4.0,0.0,0.0,DEF,LIV,0.0,3.9,0.0,0.0,DEF,LIV,0.0,3.9,0.0,0.0,0.0,0.0
381,M.Salah,MID,LIV,0.0,14.5,90.0,8.0,MID,LIV,0.0,14.5,90.0,5.0,MID,LIV,0.0,14.5,90.0,3.0,MID,LIV,0.0,14.5,90.0,9.0,360.0,25.0
382,Wirtz,MID,LIV,0.0,8.5,81.0,2.0,MID,LIV,0.0,8.4,79.0,2.0,MID,LIV,0.0,8.4,88.0,3.0,MID,LIV,0.0,8.4,86.0,3.0,334.0,10.0
383,Luis Díaz,MID,LIV,1.0,8.0,0.0,0.0,MID,LIV,1.0,8.0,0.0,0.0,MID,LIV,1.0,8.0,0.0,0.0,MID,LIV,1.0,8.0,0.0,0.0,0.0,0.0
384,Gakpo,MID,LIV,0.0,7.5,90.0,7.0,MID,LIV,0.0,7.6,90.0,10.0,MID,LIV,0.0,7.7,90.0,3.0,MID,LIV,0.0,7.7,90.0,3.0,360.0,23.0
385,Chiesa,MID,LIV,0.0,6.5,8.0,6.0,MID,LIV,0.0,6.5,10.0,1.0,MID,LIV,0.0,6.5,11.0,1.0,MID,LIV,0.0,6.5,18.0,1.0,47.0,9.0
386,Mac Allister,MID,LIV,0.0,6.5,71.0,5.0,MID,LIV,0.0,6.5,0.0,0.0,MID,LIV,0.0,6.4,60.0,3.0,MID,LIV,0.0,6.4,45.0,1.0,176.0,9.0
387,Szoboszlai,MID,LIV,0.0,6.5,90.0,2.0,MID,LIV,0.0,6.5,90.0,2.0,MID,LIV,0.0,6.5,90.0,13.0,MID,LIV,0.0,6.5,90.0,3.0,360.0,20.0
388,C.Jones,MID,LIV,0.0,5.5,18.0,1.0,MID,LIV,0.0,5.4,90.0,2.0,MID,LIV,0.0,5.4,29.0,4.0,MID,LIV,1.0,5.4,0.0,0.0,137.0,7.0
389,Elliott,MID,LIV,0.0,5.5,0.0,0.0,MID,LIV,0.0,5.4,1.0,1.0,MID,AST,0.0,5.4,0.0,0.0,MID,AST,0.0,5.4,19.0,1.0,20.0,2.0
390,Gravenberch,MID,LIV,0.0,5.5,0.0,0.0,MID,LIV,0.0,5.5,90.0,7.0,MID,LIV,0.0,5.5,90.0,2.0,MID,LIV,0.0,5.5,90.0,3.0,270.0,12.0
391,Doak,MID,BOU,0.0,5.0,0.0,0.0,,,0.0,0.0,0.0,0.0,,,0.0,0.0,0.0,0.0,,,0.0,0.0,0.0,0.0,0.0,0.0
391,Gannon-Doak,MID,BOU,0.0,0.0,0.0,0.0,MID,BOU,0.0,5.0,0.0,0.0,MID,BOU,0.0,5.0,0.0,0.0,MID,BOU,0.0,5.0,0.0,0.0,0.0,0.0
392,Endo,MID,LIV,0.0,5.0,30.0,4.0,MID,LIV,0.0,5.0,1.0,1.0,MID,LIV,0.0,5.0,1.0,0.0,MID,LIV,0.0,4.9,0.0,0.0,32.0,5.0
393,Bajcetic,MID,LIV,0.0,4.5,0.0,0.0,MID,LIV,0.0,4.5,0.0,0.0,MID,LIV,0.0,4.4,0.0,0.0,MID,LIV,1.0,4.4,0.0,0.0,0.0,0.0
394,McConnell,MID,LIV,0.0,4.5,0.0,0.0,MID,LIV,0.0,4.5,0.0,0.0,MID,LIV,0.0,4.4,0.0,0.0,MID,LIV,0.0,4.4,0.0,0.0,0.0,0.0
395,Morton,MID,LIV,1.0,4.5,0.0,0.0,MID,LIV,1.0,4.5,0.0,0.0,MID,LIV,1.0,4.5,0.0,0.0,MID,LIV,1.0,4.5,0.0,0.0,0.0,0.0
396,Nyoni,MID,LIV,0.0,4.5,0.0,0.0,MID,LIV,0.0,4.4,0.0,0.0,MID,LIV,0.0,4.4,0.0,0.0,MID,LIV,0.0,4.4,0.0,0.0,0.0,0.0
397,Darwin,FWD,LIV,1.0,6.5,0.0,0.0,FWD,LIV,1.0,6.5,0.0,0.0,FWD,LIV,1.0,6.5,0.0,0.0,FWD,LIV,1.0,6.5,0.0,0.0,0.0,0.0
398,Danns,FWD,LIV,0.0,4.5,0.0,0.0,FWD,LIV,0.0,4.5,0.0,0.0,FWD,LIV,0.0,4.4,0.0,0.0,FWD,LIV,0.0,4.4,0.0,0.0,0.0,0.0
399,Ederson M.,GKP,MCI,0.0,5.5,0.0,0.0,GKP,MCI,0.0,5.4,0.0,0.0,GKP,MCI,1.0,5.3,0.0,0.0,GKP,MCI,1.0,5.3,0.0,0.0,0.0,0.0
400,Ortega Moreno,GKP,MCI,0.0,5.0,0.0,0.0,GKP,MCI,0.0,4.9,0.0,0.0,GKP,MCI,0.0,4.9,0.0,0.0,GKP,MCI,0.0,4.9,0.0,0.0,0.0,0.0
401,Bettinelli,GKP,MCI,0.0,4.0,0.0,0.0,GKP,MCI,1.0,4.0,0.0,0.0,GKP,MCI,1.0,4.0,0.0,0.0,GKP,MCI,0.0,4.0,0.0,0.0,0.0,0.0
402,Aït-Nouri,DEF,MCI,0.0,6.0,90.0,9.0,DEF,MCI,0.25,6.1,22.0,1.0,DEF,MCI,0.0,6.0,90.0,0.0,DEF,MCI,0.75,5.9,0.0,0.0,202.0,10.0
403,Gvardiol,DEF,MCI,1.0,6.0,0.0,0.0,DEF,MCI,1.0,5.9,0.0,0.0,DEF,MCI,1.0,5.8,0.0,0.0,DEF,MCI,0.0,5.8,90.0,6.0,90.0,6.0
404,Akanji,DEF,MCI,0.0,5.5,0.0,0.0,DEF,MCI,0.0,5.4,0.0,0.0,DEF,MCI,1.0,5.4,0.0,0.0,DEF,MCI,1.0,5.4,0.0,0.0,0.0,0.0
405,Aké,DEF,MCI,0.0,5.5,0.0,0.0,DEF,MCI,0.0,5.5,67.0,1.0,DEF,MCI,0.0,5.5,0.0,0.0,DEF,MCI,0.0,5.4,2.0,1.0,69.0,2.0
406,Khusanov,DEF,MCI,0.0,5.5,8.0,1.0,DEF,MCI,0.0,5.4,0.0,0.0,DEF,MCI,0.25,5.4,84.0,1.0,DEF,MCI,0.0,5.4,90.0,8.0,182.0,10.0
407,Matheus N.,DEF,MCI,0.0,5.5,24.0,1.0,DEF,MCI,0.0,5.4,0.0,0.0,DEF,MCI,0.0,5.4,84.0,2.0,DEF,MCI,0.0,5.4,0.0,0.0,108.0,3.0
408,Rúben,DEF,MCI,0.0,5.5,90.0,6.0,DEF,MCI,0.0,5.5,90.0,1.0,DEF,MCI,0.0,5.5,5.0,1.0,DEF,MCI,0.0,5.5,90.0,6.0,275.0,14.0
409,Stones,DEF,MCI,0.0,5.5,81.0,6.0,DEF,MCI,0.0,5.5,90.0,1.0,DEF,MCI,0.0,5.5,90.0,1.0,DEF,MCI,0.5,5.5,0.0,0.0,261.0,8.0
410,Lewis,DEF,MCI,0.0,5.0,65.0,11.0,DEF,MCI,0.0,5.0,90.0,1.0,DEF,MCI,0.25,5.0,5.0,1.0,DEF,MCI,0.0,5.0,0.0,0.0,160.0,13.0
411,O’Reilly,DEF,MCI,0.0,5.0,24.0,0.0,DEF,MCI,0.0,4.9,0.0,0.0,DEF,MCI,0.25,4.9,18.0,1.0,DEF,MCI,0.0,4.9,90.0,6.0,132.0,7.0
412,Vitor Reis,DEF,MCI,1.0,5.0,0.0,0.0,DEF,MCI,1.0,5.0,0.0,0.0,DEF,MCI,1.0,5.0,0.0,0.0,DEF,MCI,1.0,5.0,0.0,0.0,0.0,0.0
413,Marmoush,MID,MCI,0.0,8.5,24.0,1.0,MID,MCI,0.0,8.4,53.0,1.0,MID,MCI,0.0,8.4,71.0,7.0,MID,MCI,1.0,8.3,0.0,0.0,148.0,9.0
414,Foden,MID,MCI,0.0,8.0,0.0,0.0,MID,MCI,0.0,8.0,15.0,1.0,MID,MCI,0.0,8.0,0.0,0.0,MID,MCI,0.0,8.0,90.0,12.0,105.0,13.0
415,Savinho,MID,MCI,1.0,7.0,0.0,0.0,MID,MCI,1.0,6.9,0.0,0.0,MID,MCI,1.0,6.9,0.0,0.0,MID,MCI,0.0,6.9,13.0,1.0,13.0,1.0
416,Bernardo,MID,MCI,0.0,6.5,65.0,3.0,MID,MCI,0.0,6.5,36.0,1.0,MID,MCI,0.0,6.4,71.0,2.0,MID,MCI,0.0,6.4,87.0,6.0,259.0,12.0
417,Cherki,MID,MCI,0.0,6.5,17.0,6.0,MID,MCI,0.0,6.5,53.0,1.0,MID,MCI,1.0,6.5,0.0,0.0,MID,MCI,1.0,6.4,0.0,0.0,70.0,7.0
418,Doku,MID,MCI,0.0,6.5,65.0,3.0,MID,MCI,0.0,6.4,36.0,1.0,MID,MCI,0.0,6.4,18.0,1.0,MID,MCI,0.0,6.4,76.0,10.0,195.0,15.0
419,Grealish,MID,EVE,0.0,6.5,19.0,1.0,MID,EVE,0.0,6.5,90.0,11.0,MID,EVE,0.0,6.7,87.0,10.0,MID,EVE,0.0,6.8,90.0,2.0,286.0,24.0
420,Gündoğan,MID,MCI,0.0,6.5,0.0,0.0,MID,MCI,0.0,6.4,0.0,0.0,MID,MCI,1.0,6.3,0.0,0.0,MID,MCI,1.0,6.3,0.0,0.0,0.0,0.0
421,Rodrigo,MID,MCI,0.0,6.5,0.0,0.0,MID,MCI,0.0,6.4,15.0,1.0,MID,MCI,0.0,6.4,90.0,2.0,MID,MCI,0.0,6.4,75.0,3.0,180.0,6.0
422,Kovačić,MID,MCI,1.0,6.0,0.0,0.0,MID,MCI,1.0,6.0,0.0,0.0,MID,MCI,1.0,6.0,0.0,0.0,MID,MCI,1.0,6.0,0.0,0.0,0.0,0.0
423,N.Gonzalez,MID,MCI,0.0,6.0,90.0,3.0,MID,MCI,0.0,6.0,74.0,1.0,MID,MCI,0.0,6.0,0.0,0.0,MID,MCI,0.0,6.0,14.0,1.0,178.0,5.0
424,Bobb,MID,MCI,0.0,5.5,90.0,6.0,MID,MCI,0.0,5.5,74.0,2.0,MID,MCI,0.0,5.5,90.0,2.0,MID,MCI,0.0,5.5,3.0,1.0,257.0,11.0
425,Echeverri,MID,MCI,0.0,5.5,0.0,0.0,MID,MCI,1.0,5.4,0.0,0.0,MID,MCI,1.0,5.4,0.0,0.0,MID,MCI,1.0,5.4,0.0,0.0,0.0,0.0
426,McAtee,MID,NOT,0.0,5.5,0.0,0.0,MID,NOT,0.0,5.5,18.0,1.0,MID,NOT,0.0,5.5,32.0,1.0,MID,NOT,0.0,5.4,17.0,1.0,67.0,3.0
427,Reijnders,MID,MCI,0.0,5.6,90.0,10.0,MID,MCI,0.0,5.7,90.0,2.0,MID,MCI,0.0,5.7,90.0,2.0,MID,MCI,0.0,5.7,90.0,3.0,360.0,17.0
428,Nypan,MID,MCI,1.0,5.0,0.0,0.0,MID,MCI,1.0,5.0,0.0,0.0,MID,MCI,1.0,5.0,0.0,0.0,MID,MCI,1.0,5.0,0.0,0.0,0.0,0.0
429,Phillips,MID,MCI,0.0,5.0,0.0,0.0,MID,MCI,0.0,5.0,0.0,0.0,MID,MCI,0.0,4.9,0.0,0.0,MID,MCI,0.0,4.9,0.0,0.0,0.0,0.0
430,Haaland,FWD,MCI,0.0,14.0,72.0,13.0,FWD,MCI,0.0,14.1,90.0,2.0,FWD,MCI,0.0,14.1,90.0,9.0,FWD,MCI,0.0,14.1,86.0,13.0,338.0,37.0
431,Bayindir,GKP,MUN,0.0,5.0,90.0,2.0,GKP,MUN,0.0,5.0,90.0,2.0,GKP,MUN,0.0,5.0,90.0,1.0,GKP,MUN,0.0,5.0,90.0,2.0,360.0,7.0
432,Onana,GKP,MUN,0.0,5.0,0.0,0.0,GKP,MUN,0.0,5.0,0.0,0.0,GKP,MUN,0.0,4.9,0.0,0.0,GKP,MUN,1.0,4.9,0.0,0.0,0.0,0.0
433,Harrison,GKP,MUN,1.0,4.0,0.0,0.0,GKP,MUN,1.0,4.0,0.0,0.0,GKP,MUN,1.0,4.0,0.0,0.0,GKP,MUN,1.0,4.0,0.0,0.0,0.0,0.0
434,Heaton,GKP,MUN,0.0,4.0,0.0,0.0,GKP,MUN,0.0,4.0,0.0,0.0,GKP,MUN,0.0,4.0,0.0,0.0,GKP,MUN,0.0,4.0,0.0,0.0,0.0,0.0
435,Mee,GKP,MUN,0.0,4.0,0.0,0.0,GKP,MUN,0.0,4.0,0.0,0.0,GKP,MUN,0.0,4.0,0.0,0.0,GKP,MUN,0.0,4.0,0.0,0.0,0.0,0.0
436,De Ligt,DEF,MUN,0.0,5.0,90.0,4.0,DEF,MUN,0.0,5.0,90.0,7.0,DEF,MUN,0.0,5.0,90.0,1.0,DEF,MUN,0.0,5.0,90.0,1.0,360.0,13.0
437,Martinez,DEF,MUN,1.0,5.0,0.0,0.0,DEF,MUN,1.0,4.9,0.0,0.0,DEF,MUN,1.0,4.9,0.0,0.0,DEF,MUN,1.0,4.9,0.0,0.0,0.0,0.0
438,Mazraoui,DEF,MUN,1.0,5.0,0.0,0.0,DEF,MUN,1.0,4.9,0.0,0.0,DEF,MUN,0.0,4.9,5.0,1.0,DEF,MUN,0.0,4.9,61.0,1.0,66.0,2.0
439,D.Leon,DEF,MUN,0.0,4.5,0.0,0.0,DEF,MUN,0.0,4.5,0.0,0.0,DEF,MUN,0.0,4.4,0.0,0.0,DEF,MUN,0.0,4.4,0.0,0.0,0.0,0.0
440,Dalot,DEF,MUN,0.0,4.5,54.0,1.0,DEF,MUN,0.0,4.5,38.0,1.0,DEF,MUN,0.25,4.5,90.0,4.0,DEF,MUN,1.0,4.5,0.0,0.0,182.0,6.0
441,Dorgu,DEF,MUN,0.0,4.5,90.0,1.0,DEF,MUN,0.0,4.5,90.0,2.0,DEF,MUN,0.0,4.5,0.0,0.0,DEF,MUN,0.0,4.5,90.0,1.0,270.0,4.0
442,Maguire,DEF,MUN,0.0,4.5,10.0,1.0,DEF,MUN,0.0,4.5,3.0,1.0,DEF,MUN,0.0,4.5,0.0,0.0,DEF,MUN,0.0,4.4,28.0,1.0,41.0,3.0
443,Shaw,DEF,MUN,0.0,4.5,79.0,2.0,DEF,MUN,0.0,4.5,86.0,2.0,DEF,MUN,0.0,4.5,90.0,1.0,DEF,MUN,0.0,4.5,90.0,1.0,345.0,6.0
444,Yoro,DEF,MUN,0.0,4.5,90.0,4.0,DEF,MUN,0.0,4.5,86.0,6.0,DEF,MUN,0.0,4.5,84.0,1.0,DEF,MUN,0.0,4.5,61.0,1.0,321.0,12.0
445,Amass,DEF,MUN,0.0,4.0,0.0,0.0,DEF,MUN,0.0,4.0,0.0,0.0,DEF,MUN,1.0,4.0,0.0,0.0,DEF,MUN,1.0,4.0,0.0,0.0,0.0,0.0
446,Fredricson,DEF,MUN,0.0,4.0,0.0,0.0,DEF,MUN,0.0,4.0,0.0,0.0,DEF,MUN,0.0,4.0,0.0,0.0,DEF,MUN,0.0,3.9,0.0,0.0,0.0,0.0
447,Heaven,DEF,MUN,0.0,4.0,0.0,0.0,DEF,MUN,0.0,4.0,3.0,1.0,DEF,MUN,0.0,4.0,0.0,0.0,DEF,MUN,0.0,4.0,0.0,0.0,3.0,1.0
448,Malacia,DEF,MUN,0.0,4.0,0.0,0.0,DEF,MUN,0.0,4.0,0.0,0.0,DEF,MUN,0.0,4.0,0.0,0.0,DEF,MUN,0.0,3.9,0.0,0.0,0.0,0.0
449,B.Fernandes,MID,MUN,0.0,9.0,90.0,2.0,MID,MUN,0.0,9.0,90.0,2.0,MID,MUN,0.0,9.0,90.0,10.0,MID,MUN,0.0,9.0,90.0,2.0,360.0,16.0
450,Cunha,MID,MUN,0.0,8.0,90.0,2.0,MID,MUN,0.0,8.1,90.0,2.0,MID,MUN,0.25,8.1,30.0,1.0,MID,MUN,1.0,8.0,0.0,0.0,210.0,5.0
451,Rashford,MID,MUN,1.0,7.0,0.0,0.0,MID,MUN,1.0,7.0,0.0,0.0,MID,MUN,1.0,7.0,0.0,0.0,MID,MUN,1.0,7.0,0.0,0.0,0.0,0.0
452,Amad,MID,MUN,0.0,6.5,35.0,1.0,MID,MUN,0.0,6.4,51.0,1.0,MID,MUN,0.0,6.4,90.0,5.0,MID,MUN,0.0,6.4,90.0,2.0,266.0,9.0
453,Garnacho,MID,MUN,0.0,6.5,0.0,0.0,MID,MUN,0.0,6.4,0.0,0.0,MID,CHE,0.0,6.4,0.0,0.0,MID,CHE,0.0,6.4,11.0,1.0,11.0,1.0
454,Antony,MID,MUN,0.0,6.0,0.0,0.0,MID,MUN,0.0,5.9,0.0,0.0,MID,MUN,1.0,5.9,0.0,0.0,MID,MUN,1.0,5.9,0.0,0.0,0.0,0.0
455,Mount,MID,MUN,0.0,6.0,64.0,2.0,MID,MUN,0.0,6.0,68.0,3.0,MID,MUN,0.25,6.0,45.0,1.0,MID,MUN,1.0,5.9,0.0,0.0,177.0,6.0
456,Sancho,MID,MUN,0.0,6.0,0.0,0.0,MID,MUN,0.0,5.9,0.0,0.0,MID,AST,0.0,5.9,0.0,0.0,MID,AST,0.0,5.9,0.0,0.0,0.0,0.0
457,Casemiro,MID,MUN,0.0,5.5,64.0,2.0,MID,MUN,0.0,5.5,52.0,0.0,MID,MUN,0.0,5.5,71.0,5.0,MID,MUN,0.0,5.5,10.0,1.0,197.0,8.0
458,Mainoo,MID,MUN,0.0,5.0,0.0,0.0,MID,MUN,0.0,4.9,0.0,0.0,MID,MUN,0.0,4.9,45.0,1.0,MID,MUN,0.0,4.9,28.0,1.0,73.0,2.0
459,Ugarte,MID,MUN,0.0,5.0,25.0,1.0,MID,MUN,0.0,4.9,21.0,1.0,MID,MUN,0.0,4.9,0.0,0.0,MID,MUN,0.0,4.9,79.0,4.0,125.0,6.0
460,Collyer,MID,MUN,1.0,4.5,0.0,0.0,MID,MUN,1.0,4.5,0.0,0.0,MID,MUN,1.0,4.5,0.0,0.0,MID,MUN,1.0,4.5,0.0,0.0,0.0,0.0
461,Fitzgerald,MID,MUN,0.0,4.5,0.0,0.0,MID,MUN,0.0,4.5,0.0,0.0,MID,MUN,0.0,4.5,0.0,0.0,MID,MUN,0.0,4.5,0.0,0.0,0.0,0.0
462,J.Fletcher,MID,MUN,0.0,4.5,0.0,0.0,MID,MUN,0.0,4.5,0.0,0.0,MID,MUN,0.0,4.4,0.0,0.0,MID,MUN,0.0,4.4,0.0,0.0,0.0,0.0
463,Kone,MID,MUN,0.0,4.5,0.0,0.0,MID,MUN,0.0,4.5,0.0,0.0,MID,MUN,0.0,4.5,0.0,0.0,MID,MUN,0.0,4.4,0.0,0.0,0.0,0.0
464,Moorhouse,MID,MUN,0.0,4.5,0.0,0.0,MID,MUN,0.0,4.5,0.0,0.0,MID,MUN,0.0,4.5,0.0,0.0,MID,MUN,0.0,4.5,0.0,0.0,0.0,0.0
465,Højlund,FWD,MUN,0.0,6.5,0.0,0.0,FWD,MUN,0.0,6.4,0.0,0.0,FWD,MUN,1.0,6.3,0.0,0.0,FWD,MUN,1.0,6.3,0.0,0.0,0.0,0.0
466,Zirkzee,FWD,MUN,0.0,6.0,0.0,0.0,FWD,MUN,0.0,5.9,0.0,0.0,FWD,MUN,0.0,5.9,59.0,1.0,FWD,MUN,0.0,5.9,10.0,1.0,69.0,2.0
467,Obi,FWD,MUN,0.0,4.5,0.0,0.0,FWD,MUN,0.0,4.5,0.0,0.0,FWD,MUN,0.0,4.4,0.0,0.0,FWD,MUN,0.0,4.4,0.0,0.0,0.0,0.0
468,Wheatley,FWD,MUN,0.0,4.5,0.0,0.0,FWD,MUN,0.0,4.5,0.0,0.0,FWD,MUN,0.0,4.5,0.0,0.0,FWD,MUN,0.0,4.5,0.0,0.0,0.0,0.0
469,Pope,GKP,NEW,0.0,5.0,90.0,9.0,GKP,NEW,0.0,5.0,90.0,4.0,GKP,NEW,0.0,5.0,90.0,5.0,GKP,NEW,0.0,5.0,90.0,8.0,360.0,26.0
470,Dúbravka,GKP,BUR,0.0,4.0,90.0,2.0,GKP,BUR,0.0,4.0,90.0,6.0,GKP,BUR,0.0,4.0,90.0,2.0,GKP,BUR,0.0,4.0,90.0,3.0,360.0,13.0
471,Gillespie,GKP,NEW,0.0,4.0,0.0,0.0,GKP,NEW,0.0,4.0,0.0,0.0,GKP,NEW,0.0,4.0,0.0,0.0,GKP,NEW,0.0,4.0,0.0,0.0,0.0,0.0
472,Odysseas,GKP,NEW,1.0,4.0,0.0,0.0,GKP,NEW,1.0,4.0,0.0,0.0,GKP,NEW,1.0,4.0,0.0,0.0,GKP,NEW,1.0,4.0,0.0,0.0,0.0,0.0
473,Hall,DEF,NEW,0.0,5.5,0.0,0.0,DEF,NEW,0.0,5.5,14.0,1.0,DEF,NEW,0.0,5.4,29.0,1.0,DEF,NEW,0.0,5.4,0.0,0.0,43.0,2.0
474,Schär,DEF,NEW,0.0,5.5,90.0,8.0,DEF,NEW,0.75,5.5,80.0,1.0,DEF,NEW,0.0,5.5,90.0,6.0,DEF,NEW,0.0,5.5,90.0,8.0,350.0,23.0
475,Botman,DEF,NEW,0.0,5.0,0.0,0.0,DEF,NEW,0.0,4.9,0.0,0.0,DEF,NEW,0.0,4.9,67.0,8.0,DEF,NEW,0.0,4.9,1.0,1.0,68.0,9.0
476,Burn,DEF,NEW,0.0,5.0,90.0,9.0,DEF,NEW,0.0,5.0,90.0,2.0,DEF,NEW,0.0,5.0,90.0,6.0,DEF,NEW,0.0,5.0,90.0,6.0,360.0,23.0
477,Livramento,DEF,NEW,0.0,5.0,90.0,9.0,DEF,NEW,0.0,5.0,90.0,4.0,DEF,NEW,0.0,5.1,90.0,6.0,DEF,NEW,0.0,5.1,90.0,6.0,360.0,25.0
478,Trippier,DEF,NEW,0.0,5.0,90.0,6.0,DEF,NEW,0.0,5.0,75.0,1.0,DEF,NEW,0.0,5.0,61.0,6.0,DEF,NEW,0.0,5.0,90.0,8.0,316.0,21.0
479,Krafth,DEF,NEW,0.0,4.5,0.0,0.0,DEF,NEW,0.0,4.5,0.0,0.0,DEF,NEW,0.0,4.5,0.0,0.0,DEF,NEW,0.0,4.4,0.0,0.0,0.0,0.0
480,Lascelles,DEF,NEW,0.0,4.5,0.0,0.0,DEF,NEW,0.0,4.5,0.0,0.0,DEF,NEW,0.0,4.4,0.0,0.0,DEF,NEW,0.0,4.4,0.0,0.0,0.0,0.0
481,A.Murphy,DEF,NEW,0.0,4.0,0.0,0.0,DEF,NEW,0.0,4.0,0.0,0.0,DEF,NEW,0.0,4.0,0.0,0.0,DEF,NEW,0.0,4.0,0.0,0.0,0.0,0.0
482,Ashby,DEF,NEW,0.0,4.0,0.0,0.0,DEF,NEW,0.0,4.0,0.0,0.0,DEF,NEW,0.0,4.0,0.0,0.0,DEF,NEW,0.0,3.9,0.0,0.0,0.0,0.0
483,Pivas,DEF,NEW,0.0,4.0,0.0,0.0,DEF,NEW,0.0,4.0,0.0,0.0,DEF,NEW,0.0,4.0,0.0,0.0,DEF,NEW,0.0,3.9,0.0,0.0,0.0,0.0
484,Targett,DEF,NEW,0.0,4.0,0.0,0.0,DEF,NEW,0.0,4.0,0.0,0.0,DEF,NEW,1.0,4.0,0.0,0.0,DEF,NEW,1.0,4.0,0.0,0.0,0.0,0.0
485,Gordon,MID,NEW,0.0,7.5,90.0,3.0,MID,NEW,1.0,7.5,47.0,-2.0,MID,NEW,1.0,7.4,0.0,0.0,MID,NEW,1.0,7.4,0.0,0.0,137.0,1.0
486,Elanga,MID,NEW,0.0,7.0,77.0,3.0,MID,NEW,0.0,7.0,90.0,2.0,MID,NEW,0.0,7.0,28.0,1.0,MID,NEW,0.0,7.0,10.0,1.0,205.0,7.0
487,Barnes,MID,NEW,0.0,6.5,89.0,3.0,MID,NEW,0.0,6.5,75.0,2.0,MID,NEW,0.0,6.5,22.0,1.0,MID,NEW,0.0,6.5,79.0,3.0,265.0,9.0
488,Bruno G.,MID,NEW,0.0,6.5,90.0,3.0,MID,NEW,0.0,6.5,90.0,6.0,MID,NEW,0.0,6.5,90.0,3.0,MID,NEW,0.0,6.5,90.0,2.0,360.0,14.0
489,J.Murphy,MID,NEW,0.0,6.5,12.0,1.0,MID,NEW,0.0,6.4,0.0,0.0,MID,NEW,0.0,6.3,61.0,3.0,MID,NEW,0.0,6.3,90.0,6.0,163.0,10.0
490,Joelinton,MID,NEW,0.0,6.0,82.0,2.0,MID,NEW,0.5,6.0,75.0,2.0,MID,NEW,1.0,5.9,0.0,0.0,MID,NEW,0.0,5.9,64.0,3.0,221.0,7.0
491,Tonali,MID,NEW,0.0,5.5,90.0,3.0,MID,NEW,0.5,5.5,65.0,2.0,MID,NEW,0.0,5.4,90.0,3.0,MID,NEW,0.0,5.4,90.0,3.0,335.0,11.0
492,Antoñito C.,MID,NEW,0.0,5.0,0.0,0.0,MID,NEW,0.0,5.0,0.0,0.0,MID,NEW,0.0,4.9,0.0,0.0,MID,NEW,0.0,4.9,0.0,0.0,0.0,0.0
493,Longstaff,MID,LEE,0.0,5.0,1.0,1.0,MID,LEE,0.0,4.9,32.0,1.0,MID,LEE,0.0,4.9,90.0,5.0,MID,LEE,0.0,4.9,90.0,2.0,213.0,9.0
494,Willock,MID,NEW,1.0,5.0,0.0,0.0,MID,NEW,0.0,5.0,0.0,0.0,MID,NEW,0.0,5.0,0.0,0.0,MID,NEW,0.0,5.0,25.0,1.0,25.0,1.0
495,Hayden,MID,NEW,1.0,4.5,0.0,0.0,MID,NEW,1.0,4.5,0.0,0.0,MID,NEW,1.0,4.5,0.0,0.0,MID,NEW,1.0,4.5,0.0,0.0,0.0,0.0
496,Kuol,MID,NEW,0.0,4.5,0.0,0.0,MID,NEW,0.0,4.5,0.0,0.0,MID,NEW,0.0,4.5,0.0,0.0,MID,NEW,0.0,4.4,0.0,0.0,0.0,0.0
497,L.Miley,MID,NEW,0.0,4.5,7.0,1.0,MID,NEW,0.0,4.5,24.0,1.0,MID,NEW,0.0,4.5,45.0,1.0,MID,NEW,0.0,4.5,0.0,0.0,76.0,3.0
498,White,MID,NEW,1.0,4.5,0.0,0.0,MID,NEW,1.0,4.5,0.0,0.0,MID,NEW,1.0,4.5,0.0,0.0,MID,NEW,1.0,4.5,0.0,0.0,0.0,0.0
499,Isak,FWD,NEW,1.0,10.5,0.0,0.0,FWD,NEW,1.0,10.4,0.0,0.0,FWD,LIV,0.0,10.4,0.0,0.0,FWD,LIV,0.0,10.4,0.0,0.0,0.0,0.0
500,Osula,FWD,NEW,0.0,5.5,1.0,1.0,FWD,NEW,0.0,5.5,14.0,5.0,FWD,NEW,0.0,5.5,90.0,2.0,FWD,NEW,0.0,5.5,25.0,1.0,130.0,9.0
501,Neave,FWD,NEW,0.0,4.5,0.0,0.0,FWD,NEW,0.0,4.5,0.0,0.0,FWD,NEW,0.0,4.4,0.0,0.0,FWD,NEW,0.0,4.4,0.0,0.0,0.0,0.0
502,Sels,GKP,NOT,0.0,5.0,90.0,2.0,GKP,NOT,0.0,5.0,90.0,2.0,GKP,NOT,0.0,5.0,90.0,2.0,GKP,NOT,0.0,5.0,90.0,1.0,360.0,7.0
503,C.Miguel,GKP,NOT,0.0,4.0,0.0,0.0,GKP,NOT,1.0,4.0,0.0,0.0,GKP,NOT,1.0,4.0,0.0,0.0,GKP,NOT,1.0,4.0,0.0,0.0,0.0,0.0
504,Turner,GKP,NOT,1.0,4.0,0.0,0.0,GKP,NOT,1.0,4.0,0.0,0.0,GKP,NOT,1.0,4.0,0.0,0.0,GKP,NOT,1.0,4.0,0.0,0.0,0.0,0.0
505,Milenković,DEF,NOT,0.0,5.5,90.0,2.0,DEF,NOT,0.0,5.5,90.0,2.0,DEF,NOT,0.0,5.5,90.0,1.0,DEF,NOT,0.0,5.5,90.0,1.0,360.0,6.0
506,Murillo,DEF,NOT,0.0,5.5,90.0,2.0,DEF,NOT,0.0,5.5,90.0,1.0,DEF,NOT,0.0,5.5,90.0,1.0,DEF,NOT,0.25,5.5,36.0,3.0,306.0,7.0
507,Aina,DEF,NOT,0.0,5.0,90.0,4.0,DEF,NOT,0.0,5.0,90.0,1.0,DEF,NOT,0.0,5.0,90.0,1.0,DEF,NOT,0.75,4.9,0.0,0.0,270.0,6.0
508,N.Williams,DEF,NOT,0.0,5.0,90.0,1.0,DEF,NOT,0.0,5.0,90.0,2.0,DEF,NOT,0.0,5.0,90.0,1.0,DEF,NOT,0.0,5.0,90.0,0.0,360.0,4.0
509,David Carmo,DEF,NOT,0.0,4.5,0.0,0.0,DEF,NOT,0.0,4.5,0.0,0.0,DEF,NOT,1.0,4.5,0.0,0.0,DEF,NOT,1.0,4.5,0.0,0.0,0.0,0.0
510,Jair Cunha,DEF,NOT,0.0,4.5,0.0,0.0,DEF,NOT,0.0,4.5,0.0,0.0,DEF,NOT,0.0,4.4,0.0,0.0,DEF,NOT,0.0,4.4,0.0,0.0,0.0,0.0
511,Morato,DEF,NOT,0.0,4.5,0.0,0.0,DEF,NOT,0.0,4.5,0.0,0.0,DEF,NOT,0.0,4.4,0.0,0.0,DEF,NOT,0.0,4.4,90.0,1.0,90.0,1.0
512,O.Richards,DEF,NOT,0.0,4.5,0.0,0.0,DEF,NOT,0.0,4.5,0.0,0.0,DEF,NOT,1.0,4.5,0.0,0.0,DEF,NOT,1.0,4.5,0.0,0.0,0.0,0.0
513,Abbott,DEF,NOT,0.0,4.0,0.0,0.0,DEF,NOT,0.0,4.0,0.0,0.0,DEF,NOT,0.0,4.0,0.0,0.0,DEF,NOT,0.0,4.0,0.0,0.0,0.0,0.0
514,Boly,DEF,NOT,0.0,4.0,0.0,0.0,DEF,NOT,0.0,4.0,0.0,0.0,DEF,NOT,0.0,4.0,0.0,0.0,DEF,NOT,0.0,4.0,0.0,0.0,0.0,0.0
515,Gibbs-White,MID,NOT,0.0,7.5,83.0,5.0,MID,NOT,0.0,7.5,81.0,2.0,MID,NOT,0.0,7.5,90.0,2.0,MID,NOT,0.0,7.5,72.0,2.0,326.0,11.0
516,Hudson-Odoi,MID,NOT,0.0,6.0,90.0,2.0,MID,NOT,0.0,6.0,71.0,10.0,MID,NOT,0.0,6.0,88.0,2.0,MID,NOT,0.0,6.0,59.0,1.0,308.0,15.0
517,Anderson,MID,NOT,0.0,5.5,90.0,6.0,MID,NOT,0.0,5.5,90.0,2.0,MID,NOT,0.0,5.5,90.0,2.0,MID,NOT,0.0,5.5,90.0,4.0,360.0,14.0
518,Jota,MID,NOT,0.0,5.5,11.0,1.0,MID,NOT,0.0,5.5,0.0,0.0,MID,NOT,0.0,5.4,0.0,0.0,MID,NOT,1.0,5.4,0.0,0.0,11.0,1.0
519,Dominguez,MID,NOT,1.0,5.0,0.0,0.0,MID,NOT,1.0,5.0,0.0,0.0,MID,NOT,1.0,5.0,0.0,0.0,MID,NOT,1.0,5.0,0.0,0.0,0.0,0.0
520,O'Brien,MID,NOT,1.0,5.0,0.0,0.0,MID,NOT,1.0,5.0,0.0,0.0,MID,NOT,1.0,5.0,0.0,0.0,MID,NOT,1.0,5.0,0.0,0.0,0.0,0.0
521,Sangaré,MID,NOT,0.0,5.0,90.0,2.0,MID,NOT,0.0,5.0,87.0,2.0,MID,NOT,0.0,5.0,88.0,4.0,MID,NOT,0.0,5.0,72.0,2.0,337.0,10.0
522,Yates,MID,NOT,0.0,5.0,6.0,1.0,MID,NOT,0.0,5.0,2.0,1.0,MID,NOT,0.0,4.9,0.0,0.0,MID,NOT,0.0,4.9,17.0,1.0,25.0,3.0
523,Da Silva Moreira,MID,NOT,0.0,4.5,0.0,0.0,MID,NOT,0.0,4.5,0.0,0.0,MID,NOT,1.0,4.5,0.0,0.0,MID,NOT,1.0,4.5,0.0,0.0,0.0,0.0
524,Stamenic,MID,NOT,0.0,4.5,0.0,0.0,MID,NOT,1.0,4.5,0.0,0.0,MID,NOT,1.0,4.5,0.0,0.0,MID,NOT,1.0,4.5,0.0,0.0,0.0,0.0
525,Wood,FWD,NOT,0.0,7.6,78.0,13.0,FWD,NOT,0.0,7.7,87.0,2.0,FWD,NOT,0.0,7.7,72.0,2.0,FWD,NOT,0.0,7.6,59.0,1.0,296.0,18.0
526,Igor Jesus,FWD,NOT,0.0,6.0,11.0,1.0,FWD,NOT,0.0,5.9,2.0,1.0,FWD,NOT,0.0,5.9,17.0,1.0,FWD,NOT,0.0,5.8,0.0,0.0,30.0,3.0
527,Awoniyi,FWD,NOT,0.0,5.5,0.0,0.0,FWD,NOT,0.0,5.4,0.0,0.0,FWD,NOT,0.0,5.4,0.0,0.0,FWD,NOT,0.0,5.3,0.0,0.0,0.0,0.0
528,Patterson,GKP,SUN,0.0,4.5,0.0,0.0,GKP,SUN,0.0,4.5,0.0,0.0,GKP,SUN,0.0,4.4,0.0,0.0,GKP,SUN,0.0,4.4,0.0,0.0,0.0,0.0
529,Moore,GKP,SUN,0.0,4.0,0.0,0.0,GKP,SUN,0.0,4.0,0.0,0.0,GKP,SUN,0.0,4.0,0.0,0.0,GKP,SUN,0.0,4.0,0.0,0.0,0.0,0.0
530,Nna Noukeu,GKP,SUN,0.0,4.0,0.0,0.0,GKP,SUN,0.0,4.0,0.0,0.0,GKP,SUN,0.0,4.0,0.0,0.0,GKP,SUN,0.0,4.0,0.0,0.0,0.0,0.0
531,Ballard,DEF,SUN,0.0,4.5,90.0,17.0,DEF,SUN,0.25,4.6,8.0,1.0,DEF,SUN,1.0,4.6,0.0,0.0,DEF,SUN,0.25,4.6,0.0,0.0,98.0,18.0
532,Hume,DEF,SUN,0.0,4.5,90.0,6.0,DEF,SUN,0.0,4.5,90.0,1.0,DEF,SUN,0.0,4.5,90.0,2.0,DEF,SUN,0.0,4.5,90.0,6.0,360.0,15.0
533,Alese,DEF,SUN,1.0,4.0,0.0,0.0,DEF,SUN,1.0,4.0,0.0,0.0,DEF,SUN,1.0,4.0,0.0,0.0,DEF,SUN,0.5,4.0,0.0,0.0,0.0,0.0
534,Anderson,DEF,SUN,0.0,4.0,0.0,0.0,DEF,SUN,0.0,4.0,0.0,0.0,DEF,SUN,0.0,4.0,0.0,0.0,DEF,SUN,0.0,4.0,0.0,0.0,0.0,0.0
535,Cirkin,DEF,SUN,1.0,4.0,0.0,0.0,DEF,SUN,1.0,4.0,0.0,0.0,DEF,SUN,1.0,4.0,0.0,0.0,DEF,SUN,1.0,4.0,0.0,0.0,0.0,0.0
536,Hjelde,DEF,SUN,1.0,4.0,0.0,0.0,DEF,SUN,1.0,4.0,0.0,0.0,DEF,SUN,1.0,4.0,0.0,0.0,DEF,SUN,1.0,4.0,0.0,0.0,0.0,0.0
537,Huggins,DEF,SUN,0.0,4.0,0.0,0.0,DEF,SUN,0.0,4.0,0.0,0.0,DEF,SUN,1.0,4.0,0.0,0.0,DEF,SUN,1.0,4.0,0.0,0.0,0.0,0.0
538,Johnson,DEF,SUN,0.0,4.0,0.0,0.0,DEF,SUN,0.0,4.0,0.0,0.0,DEF,SUN,0.0,4.0,0.0,0.0,DEF,SUN,0.0,4.0,0.0,0.0,0.0,0.0
539,O'Nien,DEF,SUN,1.0,4.0,0.0,0.0,DEF,SUN,1.0,4.0,0.0,0.0,DEF,SUN,1.0,4.0,0.0,0.0,DEF,SUN,0.25,4.0,0.0,0.0,0.0,0.0
540,Pembele,DEF,SUN,0.0,4.0,0.0,0.0,DEF,SUN,0.0,4.0,0.0,0.0,DEF,SUN,0.0,4.0,0.0,0.0,DEF,SUN,0.0,4.0,0.0,0.0,0.0,0.0
541,Reinildo,DEF,SUN,0.0,4.0,90.0,6.0,DEF,SUN,0.0,4.0,90.0,3.0,DEF,SUN,0.0,4.0,90.0,1.0,DEF,SUN,0.0,4.0,90.0,6.0,360.0,16.0
542,Seelt,DEF,SUN,0.25,4.0,52.0,1.0,DEF,SUN,0.0,4.0,81.0,1.0,DEF,SUN,1.0,4.0,0.0,0.0,DEF,SUN,1.0,4.0,0.0,0.0,133.0,2.0
543,Adingra,MID,SUN,0.0,5.5,75.0,6.0,MID,SUN,0.0,5.5,62.0,1.0,MID,SUN,0.0,5.5,25.0,1.0,MID,SUN,0.0,5.4,68.0,3.0,230.0,11.0
544,Diarra,MID,SUN,0.0,5.5,90.0,3.0,MID,SUN,0.0,5.5,79.0,2.0,MID,SUN,0.0,5.5,86.0,4.0,MID,SUN,0.0,5.5,90.0,3.0,345.0,12.0
545,Roberts,MID,SUN,0.0,5.5,0.0,0.0,MID,SUN,0.0,5.4,27.0,1.0,MID,SUN,1.0,5.4,0.0,0.0,MID,SUN,1.0,5.4,0.0,0.0,27.0,1.0
546,Aleksić,MID,SUN,0.0,5.0,0.0,0.0,MID,SUN,0.0,4.9,0.0,0.0,MID,SUN,1.0,4.9,0.0,0.0,MID,SUN,1.0,4.9,0.0,0.0,0.0,0.0
547,E.Le Fée,MID,SUN,0.0,5.0,14.0,1.0,MID,SUN,0.0,4.9,27.0,1.0,MID,SUN,0.0,4.9,90.0,11.0,MID,SUN,0.25,4.9,0.0,0.0,131.0,13.0
548,Mundle,MID,SUN,1.0,5.0,0.0,0.0,MID,SUN,1.0,4.9,0.0,0.0,MID,SUN,1.0,4.9,0.0,0.0,MID,SUN,1.0,4.9,0.0,0.0,0.0,0.0
549,Neil,MID,SUN,0.0,5.0,0.0,0.0,MID,SUN,0.0,5.0,0.0,0.0,MID,SUN,0.0,4.9,0.0,0.0,MID,SUN,0.0,4.9,0.0,0.0,0.0,0.0
550,Poveda,MID,SUN,0.0,5.0,0.0,0.0,MID,SUN,0.0,4.9,0.0,0.0,MID,SUN,0.0,4.9,0.0,0.0,MID,SUN,0.0,4.9,0.0,0.0,0.0,0.0
551,Rigg,MID,SUN,0.0,5.0,1.0,1.0,MID,SUN,0.0,4.9,0.0,0.0,MID,SUN,0.0,4.9,0.0,0.0,MID,SUN,0.0,4.9,1.0,1.0,2.0,2.0
552,Sadiki,MID,SUN,0.0,5.0,90.0,3.0,MID,SUN,0.0,5.0,90.0,2.0,MID,SUN,0.0,5.0,90.0,2.0,MID,SUN,0.0,5.0,83.0,3.0,353.0,10.0
553,Talbi,MID,SUN,0.0,5.0,90.0,6.0,MID,SUN,0.0,5.0,62.0,2.0,MID,SUN,0.0,5.0,64.0,3.0,MID,SUN,0.0,5.0,90.0,3.0,306.0,14.0
554,Ba,MID,SUN,0.0,4.5,0.0,0.0,MID,SUN,0.0,4.5,0.0,0.0,MID,SUN,0.0,4.4,0.0,0.0,MID,SUN,0.0,4.4,0.0,0.0,0.0,0.0
555,Browne,MID,SUN,0.0,4.5,0.0,0.0,MID,SUN,0.0,4.5,0.0,0.0,MID,SUN,1.0,4.5,0.0,0.0,MID,SUN,1.0,4.5,0.0,0.0,0.0,0.0
556,Ekwah,MID,SUN,1.0,4.5,0.0,0.0,MID,SUN,1.0,4.5,0.0,0.0,MID,SUN,1.0,4.5,0.0,0.0,MID,SUN,1.0,4.5,0.0,0.0,0.0,0.0
557,H.Jones,MID,SUN,0.0,4.5,0.0,0.0,MID,SUN,0.0,4.5,0.0,0.0,MID,SUN,0.0,4.5,0.0,0.0,MID,SUN,0.0,4.4,0.0,0.0,0.0,0.0
558,Matete,MID,SUN,0.0,4.5,0.0,0.0,MID,SUN,0.0,4.5,0.0,0.0,MID,SUN,0.0,4.4,0.0,0.0,MID,SUN,0.0,4.4,0.0,0.0,0.0,0.0
559,Triantis,MID,SUN,0.0,4.5,0.0,0.0,MID,SUN,0.0,4.5,0.0,0.0,MID,SUN,0.0,4.4,0.0,0.0,MID,SUN,0.0,4.4,0.0,0.0,0.0,0.0
560,Isidor,FWD,SUN,0.0,5.5,14.0,5.0,FWD,SUN,0.0,5.5,27.0,1.0,FWD,SUN,0.0,5.5,25.0,8.0,FWD,SUN,0.0,5.5,90.0,2.0,156.0,16.0
561,Mayenda,FWD,SUN,0.0,5.5,75.0,8.0,FWD,SUN,0.0,5.5,62.0,2.0,FWD,SUN,0.0,5.5,64.0,2.0,FWD,SUN,0.0,5.5,0.0,0.0,201.0,12.0
562,Abdullahi,FWD,SUN,0.0,4.5,0.0,0.0,FWD,SUN,0.0,4.5,0.0,0.0,FWD,SUN,0.0,4.4,0.0,0.0,FWD,SUN,0.0,4.4,0.0,0.0,0.0,0.0
563,Luís Hemir,FWD,SUN,0.0,4.5,0.0,0.0,FWD,SUN,0.0,4.5,0.0,0.0,FWD,SUN,0.0,4.4,0.0,0.0,FWD,SUN,0.0,4.4,0.0,0.0,0.0,0.0
564,Rusyn,FWD,SUN,0.0,4.5,0.0,0.0,FWD,SUN,0.0,4.5,0.0,0.0,FWD,SUN,1.0,4.4,0.0,0.0,FWD,SUN,1.0,4.4,0.0,0.0,0.0,0.0
565,Vicario,GKP,TOT,0.0,5.0,90.0,9.0,GKP,TOT,0.0,5.0,90.0,9.0,GKP,TOT,0.0,5.0,90.0,3.0,GKP,TOT,0.0,5.1,90.0,8.0,360.0,29.0
566,Austin,GKP,TOT,0.0,4.0,0.0,0.0,GKP,TOT,0.0,4.0,0.0,0.0,GKP,TOT,0.0,4.0,0.0,0.0,GKP,TOT,0.0,4.0,0.0,0.0,0.0,0.0
567,Kinsky,GKP,TOT,0.0,4.0,0.0,0.0,GKP,TOT,0.0,4.0,0.0,0.0,GKP,TOT,0.0,4.0,0.0,0.0,GKP,TOT,0.0,4.0,0.0,0.0,0.0,0.0
568,Pedro Porro,DEF,TOT,0.0,5.5,90.0,6.0,DEF,TOT,0.0,5.5,90.0,5.0,DEF,TOT,0.0,5.6,70.0,4.0,DEF,TOT,0.0,5.6,90.0,6.0,340.0,21.0
569,Romero,DEF,TOT,0.0,5.0,90.0,6.0,DEF,TOT,0.0,5.0,90.0,7.0,DEF,TOT,0.0,5.0,90.0,2.0,DEF,TOT,0.0,5.0,90.0,12.0,360.0,27.0
570,Danso,DEF,TOT,0.0,4.5,0.0,0.0,DEF,TOT,0.0,4.4,1.0,1.0,DEF,TOT,0.0,4.4,0.0,0.0,DEF,TOT,0.0,4.4,10.0,1.0,11.0,2.0
571,Davies,DEF,TOT,0.0,4.5,0.0,0.0,DEF,TOT,0.0,4.5,0.0,0.0,DEF,TOT,0.0,4.4,0.0,0.0,DEF,TOT,0.0,4.4,0.0,0.0,0.0,0.0
572,Dragusin,DEF,TOT,1.0,4.5,0.0,0.0,DEF,TOT,1.0,4.5,0.0,0.0,DEF,TOT,1.0,4.5,0.0,0.0,DEF,TOT,1.0,4.5,0.0,0.0,0.0,0.0
573,Spence,DEF,TOT,0.0,4.5,90.0,6.0,DEF,TOT,0.0,4.5,90.0,6.0,DEF,TOT,0.0,4.5,90.0,1.0,DEF,TOT,0.0,4.5,70.0,5.0,340.0,18.0
574,Udogie,DEF,TOT,1.0,4.5,0.0,0.0,DEF,TOT,1.0,4.4,0.0,0.0,DEF,TOT,0.0,4.4,19.0,1.0,DEF,TOT,0.0,4.4,19.0,1.0,38.0,2.0
575,Van de Ven,DEF,TOT,0.0,4.5,90.0,6.0,DEF,TOT,0.0,4.5,90.0,6.0,DEF,TOT,0.0,4.6,90.0,1.0,DEF,TOT,0.0,4.7,79.0,14.0,349.0,27.0
576,Phillips,DEF,TOT,1.0,4.0,0.0,0.0,DEF,TOT,1.0,4.0,0.0,0.0,DEF,TOT,1.0,4.0,0.0,0.0,DEF,TOT,1.0,4.0,0.0,0.0,0.0,0.0
577,Takai,DEF,TOT,0.75,4.0,0.0,0.0,DEF,TOT,1.0,4.0,0.0,0.0,DEF,TOT,0.5,4.0,0.0,0.0,DEF,TOT,0.5,4.0,0.0,0.0,0.0,0.0
578,Vuskovic,DEF,TOT,0.0,4.0,0.0,0.0,DEF,TOT,0.0,4.0,0.0,0.0,DEF,TOT,1.0,3.9,0.0,0.0,DEF,TOT,1.0,3.9,0.0,0.0,0.0,0.0
579,Son,MID,TOT,1.0,8.5,0.0,0.0,MID,TOT,1.0,8.5,0.0,0.0,MID,TOT,1.0,8.5,0.0,0.0,MID,TOT,1.0,8.5,0.0,0.0,0.0,0.0
580,Johnson,MID,TOT,0.0,7.0,79.0,8.0,MID,TOT,0.0,7.1,77.0,9.0,MID,TOT,0.0,7.1,53.0,1.0,MID,TOT,0.0,7.1,10.0,1.0,219.0,19.0
581,Maddison,MID,TOT,1.0,7.0,0.0,0.0,MID,TOT,1.0,6.9,0.0,0.0,MID,TOT,1.0,6.9,0.0,0.0,MID,TOT,1.0,6.9,0.0,0.0,0.0,0.0
582,Kudus,MID,TOT,0.0,6.5,84.0,10.0,MID,TOT,0.0,6.6,85.0,3.0,MID,TOT,0.0,6.6,90.0,2.0,MID,TOT,0.0,6.6,90.0,3.0,349.0,18.0
583,Kulusevski,MID,TOT,1.0,6.5,0.0,0.0,MID,TOT,1.0,6.5,0.0,0.0,MID,TOT,1.0,6.4,0.0,0.0,MID,TOT,1.0,6.4,0.0,0.0,0.0,0.0
584,Tel,MID,TOT,0.0,6.5,5.0,1.0,MID,TOT,0.0,6.4,0.0,0.0,MID,TOT,0.0,6.3,14.0,1.0,MID,TOT,0.0,6.3,78.0,3.0,97.0,5.0
585,Bentancur,MID,TOT,0.0,5.5,19.0,1.0,MID,TOT,0.0,5.5,90.0,3.0,MID,TOT,0.0,5.5,90.0,2.0,MID,TOT,0.0,5.4,0.0,0.0,199.0,6.0
586,Bergvall,MID,TOT,0.0,5.5,79.0,3.0,MID,TOT,0.0,5.5,4.0,1.0,MID,TOT,0.0,5.4,36.0,1.0,MID,TOT,0.0,5.4,79.0,11.0,198.0,16.0
587,Bissouma,MID,TOT,0.0,5.5,0.0,0.0,MID,TOT,1.0,5.4,0.0,0.0,MID,TOT,1.0,5.3,0.0,0.0,MID,TOT,1.0,5.3,0.0,0.0,0.0,0.0
588,Odobert,MID,TOT,0.0,5.5,10.0,1.0,MID,TOT,0.0,5.4,12.0,1.0,MID,TOT,0.0,5.4,36.0,1.0,MID,TOT,0.0,5.4,11.0,1.0,69.0,4.0
589,Solomon,MID,TOT,0.75,5.5,0.0,0.0,MID,TOT,0.5,5.4,0.0,0.0,MID,TOT,1.0,5.4,0.0,0.0,MID,TOT,1.0,5.4,0.0,0.0,0.0,0.0
590,Bryan,MID,TOT,0.0,5.0,0.0,0.0,MID,TOT,0.0,4.9,0.0,0.0,MID,TOT,0.0,4.9,0.0,0.0,MID,TOT,0.0,4.9,0.0,0.0,0.0,0.0
591,Gray,MID,TOT,0.0,5.0,70.0,3.0,MID,TOT,0.0,5.0,0.0,0.0,MID,TOT,0.0,4.9,0.0,0.0,MID,TOT,0.0,4.9,0.0,0.0,70.0,3.0
592,Moore,MID,TOT,1.0,5.0,0.0,0.0,MID,TOT,1.0,5.0,0.0,0.0,MID,TOT,1.0,5.0,0.0,0.0,MID,TOT,1.0,5.0,0.0,0.0,0.0,0.0
593,P.M.Sarr,MID,TOT,0.0,5.0,90.0,6.0,MID,TOT,0.0,5.0,90.0,3.0,MID,TOT,0.0,5.0,75.0,2.0,MID,TOT,0.0,5.0,90.0,8.0,345.0,19.0
594,Min-hyeok,MID,TOT,1.0,4.5,0.0,0.0,MID,TOT,1.0,4.5,0.0,0.0,MID,TOT,1.0,4.5,0.0,0.0,MID,TOT,1.0,4.5,0.0,0.0,0.0,0.0
595,Olusesi,MID,TOT,0.0,4.5,0.0,0.0,MID,TOT,0.0,4.5,0.0,0.0,MID,TOT,0.0,4.4,0.0,0.0,MID,TOT,0.0,4.4,0.0,0.0,0.0,0.0
596,Solanke,FWD,TOT,0.0,7.5,19.0,1.0,FWD,TOT,0.0,7.3,12.0,1.0,FWD,TOT,0.0,7.3,0.0,0.0,FWD,TOT,1.0,7.2,0.0,0.0,31.0,2.0
597,Richarlison,FWD,TOT,0.0,6.5,71.0,13.0,FWD,TOT,0.0,6.7,77.0,4.0,FWD,TOT,0.0,6.7,90.0,2.0,FWD,TOT,0.0,6.7,19.0,1.0,257.0,20.0
598,Lankshear,FWD,TOT,1.0,4.5,0.0,0.0,FWD,TOT,1.0,4.5,0.0,0.0,FWD,TOT,1.0,4.5,0.0,0.0,FWD,TOT,1.0,4.5,0.0,0.0,0.0,0.0
599,Scarlett,FWD,TOT,0.0,4.5,0.0,0.0,FWD,TOT,0.0,4.5,0.0,0.0,FWD,TOT,0.0,4.4,0.0,0.0,FWD,TOT,0.0,4.4,0.0,0.0,0.0,0.0
600,Areola,GKP,WHM,0.0,4.5,0.0,0.0,GKP,WHM,0.0,4.4,0.0,0.0,GKP,WHM,0.0,4.4,0.0,0.0,GKP,WHM,0.0,4.4,0.0,0.0,0.0,0.0
601,Foderingham,GKP,WHM,0.0,4.0,0.0,0.0,GKP,WHM,0.0,4.0,0.0,0.0,GKP,WHM,0.0,4.0,0.0,0.0,GKP,WHM,1.0,4.0,0.0,0.0,0.0,0.0
602,Hegyi,GKP,WHM,0.0,4.0,0.0,0.0,GKP,WHM,0.0,4.0,0.0,0.0,GKP,WHM,0.0,4.0,0.0,0.0,GKP,WHM,0.0,4.0,0.0,0.0,0.0,0.0
603,Diouf,DEF,WHM,0.0,4.5,90.0,1.0,DEF,WHM,0.0,4.5,90.0,3.0,DEF,WHM,0.0,4.5,90.0,10.0,DEF,WHM,0.0,4.4,90.0,1.0,360.0,15.0
604,Emerson,DEF,WHM,0.0,4.5,0.0,0.0,DEF,WHM,0.0,4.4,0.0,0.0,DEF,WHM,1.0,4.4,0.0,0.0,DEF,WHM,1.0,4.4,0.0,0.0,0.0,0.0
605,Kilman,DEF,WHM,0.0,4.5,90.0,0.0,DEF,WHM,0.0,4.4,90.0,0.0,DEF,WHM,0.0,4.4,90.0,6.0,DEF,WHM,0.0,4.4,90.0,1.0,360.0,7.0
606,Mavropanos,DEF,WHM,0.0,4.5,0.0,0.0,DEF,WHM,0.0,4.4,0.0,0.0,DEF,WHM,0.0,4.4,90.0,6.0,DEF,WHM,0.0,4.4,90.0,3.0,180.0,9.0
607,N.Aguerd,DEF,WHM,0.0,4.5,90.0,1.0,DEF,WHM,0.0,4.5,90.0,2.0,DEF,WHM,1.0,4.4,0.0,0.0,DEF,WHM,1.0,4.4,0.0,0.0,180.0,3.0
608,Scarles,DEF,WHM,0.0,4.5,0.0,0.0,DEF,WHM,0.0,4.5,0.0,0.0,DEF,WHM,0.0,4.4,0.0,0.0,DEF,WHM,0.0,4.4,0.0,0.0,0.0,0.0
609,Todibo,DEF,WHM,0.0,4.5,81.0,1.0,DEF,WHM,0.0,4.4,45.0,0.0,DEF,WHM,0.0,4.4,0.0,0.0,DEF,WHM,0.0,4.4,0.0,0.0,126.0,1.0
610,Wan-Bissaka,DEF,WHM,0.0,4.5,90.0,1.0,DEF,WHM,0.0,4.5,90.0,0.0,DEF,WHM,0.0,4.4,0.0,0.0,DEF,WHM,0.0,4.3,0.0,0.0,180.0,1.0
611,Casey,DEF,WHM,1.0,4.0,0.0,0.0,DEF,WHM,1.0,4.0,0.0,0.0,DEF,WHM,1.0,4.0,0.0,0.0,DEF,WHM,1.0,4.0,0.0,0.0,0.0,0.0
612,L.Paquetá,MID,WHM,0.0,6.0,90.0,2.0,MID,WHM,0.0,5.9,90.0,9.0,MID,WHM,0.0,5.9,90.0,10.0,MID,WHM,0.0,5.9,67.0,2.0,337.0,23.0
613,Souček,MID,WHM,0.0,6.0,19.0,1.0,MID,WHM,0.0,5.9,69.0,2.0,MID,WHM,0.0,5.8,90.0,3.0,MID,WHM,1.0,5.8,53.0,-2.0,231.0,4.0
614,Ward-Prowse,MID,WHM,0.0,6.0,70.0,2.0,MID,WHM,0.0,5.9,90.0,2.0,MID,WHM,0.0,5.9,74.0,3.0,MID,WHM,0.0,5.9,90.0,2.0,324.0,9.0
615,Summerville,MID,WHM,1.0,5.5,0.0,0.0,MID,WHM,1.0,5.5,0.0,0.0,MID,WHM,0.0,5.5,8.0,7.0,MID,WHM,0.0,5.5,60.0,2.0,68.0,9.0
616,Álvarez,MID,WHM,0.0,5.0,0.0,0.0,MID,WHM,1.0,4.9,0.0,0.0,MID,WHM,1.0,4.9,0.0,0.0,MID,WHM,1.0,4.9,0.0,0.0,0.0,0.0
617,Cornet,MID,WHM,0.0,5.0,0.0,0.0,MID,WHM,0.0,4.9,0.0,0.0,MID,WHM,1.0,4.9,0.0,0.0,MID,WHM,1.0,4.9,0.0,0.0,0.0,0.0
618,G.Rodriguez,MID,WHM,0.0,5.0,70.0,2.0,MID,WHM,0.0,5.0,0.0,0.0,MID,WHM,0.0,4.9,0.0,0.0,MID,WHM,0.0,4.9,0.0,0.0,70.0,2.0
619,L.Guilherme,MID,WHM,0.0,5.0,0.0,0.0,MID,WHM,1.0,5.0,0.0,0.0,MID,WHM,1.0,4.9,0.0,0.0,MID,WHM,0.0,4.9,29.0,1.0,29.0,1.0
620,Earthy,MID,WHM,1.0,4.5,0.0,0.0,MID,WHM,0.0,4.5,0.0,0.0,MID,WHM,0.0,4.5,0.0,0.0,MID,WHM,0.0,4.5,0.0,0.0,0.0,0.0
621,Irving,MID,WHM,0.0,4.5,8.0,1.0,MID,WHM,0.0,4.5,0.0,0.0,MID,WHM,0.0,4.5,15.0,1.0,MID,WHM,0.0,4.5,1.0,1.0,24.0,3.0
622,Orford,MID,WHM,0.0,4.5,0.0,0.0,MID,WHM,0.0,4.5,0.0,0.0,MID,WHM,1.0,4.4,0.0,0.0,MID,WHM,1.0,4.4,0.0,0.0,0.0,0.0
623,Potts,MID,WHM,0.0,4.5,0.0,0.0,MID,WHM,0.0,4.5,45.0,1.0,MID,WHM,0.0,4.4,0.0,0.0,MID,WHM,0.0,4.4,0.0,0.0,45.0,1.0
624,Bowen,FWD,WHM,0.0,8.0,90.0,2.0,FWD,WHM,0.0,7.8,90.0,2.0,FWD,WHM,0.0,7.8,90.0,9.0,FWD,WHM,0.0,7.8,90.0,2.0,360.0,15.0
625,Füllkrug,FWD,WHM,0.0,6.0,90.0,2.0,FWD,WHM,0.0,5.9,45.0,1.0,FWD,WHM,0.0,5.8,63.0,2.0,FWD,WHM,0.0,5.8,0.0,0.0,198.0,5.0
626,Marshall,FWD,WHM,0.0,4.5,0.0,0.0,FWD,WHM,0.0,4.5,0.0,0.0,FWD,WHM,0.0,4.4,0.0,0.0,FWD,WHM,0.0,4.4,0.0,0.0,0.0,0.0
627,Johnstone,GKP,WOL,0.0,4.5,0.0,0.0,GKP,WOL,0.0,4.5,0.0,0.0,GKP,WOL,0.0,4.5,0.0,0.0,GKP,WOL,0.0,4.5,90.0,3.0,90.0,3.0
628,José Sá,GKP,WOL,0.0,4.5,90.0,0.0,GKP,WOL,0.0,4.5,90.0,3.0,GKP,WOL,0.0,4.5,90.0,1.0,GKP,WOL,0.0,4.5,0.0,0.0,270.0,4.0
629,Bentley,GKP,WOL,0.0,4.0,0.0,0.0,GKP,WOL,0.0,4.0,0.0,0.0,GKP,WOL,0.0,4.0,0.0,0.0,GKP,WOL,0.0,4.0,0.0,0.0,0.0,0.0
630,King,GKP,EVE,0.0,4.0,0.0,0.0,GKP,EVE,0.0,4.0,0.0,0.0,GKP,EVE,0.0,4.0,0.0,0.0,GKP,EVE,0.0,4.0,0.0,0.0,0.0,0.0
631,Agbadou,DEF,WOL,0.0,4.5,90.0,0.0,DEF,WOL,0.0,4.5,90.0,4.0,DEF,WOL,0.0,4.5,90.0,1.0,DEF,WOL,0.0,4.5,90.0,4.0,360.0,9.0
632,Doherty,DEF,WOL,0.0,4.5,90.0,-1.0,DEF,WOL,0.0,4.5,90.0,1.0,DEF,WOL,0.0,4.5,0.0,0.0,DEF,WOL,0.0,4.4,0.0,0.0,180.0,0.0
633,H.Bueno,DEF,WOL,0.0,4.5,18.0,1.0,DEF,WOL,0.0,4.5,45.0,0.0,DEF,WOL,0.25,4.5,74.0,1.0,DEF,WOL,0.0,4.4,90.0,4.0,227.0,6.0
634,Mosquera,DEF,WOL,0.0,4.5,0.0,0.0,DEF,WOL,0.0,4.5,0.0,0.0,DEF,WOL,0.0,4.4,0.0,0.0,DEF,WOL,0.0,4.4,65.0,2.0,65.0,2.0
635,R.Gomes,DEF,WOL,0.0,4.5,17.0,1.0,DEF,WOL,0.0,4.5,0.0,0.0,DEF,WOL,0.0,4.5,27.0,7.0,DEF,WOL,0.0,4.5,76.0,2.0,120.0,10.0
636,S.Bueno,DEF,WOL,0.0,4.5,0.0,0.0,DEF,WOL,0.0,4.5,34.0,1.0,DEF,WOL,0.0,4.5,90.0,3.0,DEF,WOL,0.0,4.5,0.0,0.0,124.0,4.0
637,Toti,DEF,WOL,0.0,4.5,90.0,0.0,DEF,WOL,0.0,4.5,48.0,-2.0,DEF,WOL,0.0,4.4,90.0,3.0,DEF,WOL,0.0,4.4,90.0,2.0,318.0,3.0
638,Hoever,DEF,WOL,0.0,4.0,72.0,1.0,DEF,WOL,0.25,4.0,34.0,1.0,DEF,WOL,0.25,4.0,0.0,0.0,DEF,WOL,0.75,4.0,0.0,0.0,106.0,2.0
639,Meupiyou,DEF,WOL,1.0,4.0,0.0,0.0,DEF,WOL,1.0,4.0,0.0,0.0,DEF,WOL,1.0,4.0,0.0,0.0,DEF,WOL,1.0,4.0,0.0,0.0,0.0,0.0
640,Pedro Lima,DEF,WOL,0.0,4.0,0.0,0.0,DEF,WOL,0.0,4.0,0.0,0.0,DEF,WOL,1.0,4.0,0.0,0.0,DEF,WOL,1.0,4.0,0.0,0.0,0.0,0.0
641,Pond,DEF,WOL,0.0,4.0,0.0,0.0,DEF,WOL,0.0,4.0,0.0,0.0,DEF,WOL,0.0,4.0,0.0,0.0,DEF,WOL,0.0,4.0,0.0,0.0,0.0,0.0
642,Hee Chan,MID,WOL,0.0,6.0,8.0,1.0,MID,WOL,0.0,5.9,12.0,1.0,MID,WOL,0.0,5.9,75.0,7.0,MID,WOL,0.0,5.9,76.0,2.0,171.0,11.0
643,André,MID,WOL,0.0,5.5,71.0,4.0,MID,WOL,0.0,5.5,45.0,1.0,MID,WOL,0.0,5.5,63.0,2.0,MID,WOL,0.0,5.4,65.0,1.0,244.0,8.0
644,Bellegarde,MID,WOL,0.0,5.5,72.0,2.0,MID,WOL,0.0,5.5,45.0,1.0,MID,WOL,0.0,5.4,26.0,1.0,MID,WOL,0.0,5.4,24.0,1.0,167.0,5.0
645,Fer López,MID,WOL,0.0,5.5,18.0,1.0,MID,WOL,0.0,5.4,0.0,0.0,MID,WOL,0.0,5.4,26.0,1.0,MID,WOL,0.0,5.4,13.0,1.0,57.0,3.0
646,Gomes,MID,WOL,0.0,5.5,90.0,2.0,MID,WOL,0.0,5.5,90.0,1.0,MID,WOL,0.0,5.5,90.0,2.0,MID,WOL,0.0,5.4,90.0,3.0,360.0,8.0
647,Guedes,MID,WOL,1.0,5.5,0.0,0.0,MID,WOL,1.0,5.5,0.0,0.0,MID,WOL,1.0,5.5,0.0,0.0,MID,WOL,1.0,5.5,0.0,0.0,0.0,0.0
648,Munetsi,MID,WOL,0.0,5.5,90.0,2.0,MID,WOL,0.0,5.5,90.0,2.0,MID,WOL,0.0,5.5,90.0,5.0,MID,WOL,0.0,5.5,24.0,0.0,294.0,9.0
649,B.Traore,MID,WOL,1.0,5.0,0.0,0.0,MID,WOL,1.0,5.0,0.0,0.0,MID,WOL,1.0,5.0,0.0,0.0,MID,WOL,1.0,5.0,0.0,0.0,0.0,0.0
650,Chirewa,MID,WOL,0.0,4.5,0.0,0.0,MID,WOL,0.0,4.5,0.0,0.0,MID,WOL,0.0,4.4,0.0,0.0,MID,WOL,0.0,4.4,0.0,0.0,0.0,0.0
651,Edozie,MID,WOL,0.0,4.5,0.0,0.0,MID,WOL,0.0,4.5,0.0,0.0,MID,WOL,0.0,4.4,0.0,0.0,MID,WOL,0.0,4.4,0.0,0.0,0.0,0.0
652,Gonzalez,MID,WOL,0.0,4.5,0.0,0.0,MID,WOL,0.0,4.5,0.0,0.0,MID,WOL,0.0,4.4,0.0,0.0,MID,WOL,0.0,4.4,0.0,0.0,0.0,0.0
653,Hodge,MID,WOL,1.0,4.5,0.0,0.0,MID,WOL,1.0,4.5,0.0,0.0,MID,WOL,1.0,4.5,0.0,0.0,MID,WOL,1.0,4.5,0.0,0.0,0.0,0.0
654,Strand Larsen,FWD,WOL,0.0,6.5,81.0,2.0,FWD,WOL,0.0,6.5,77.0,2.0,FWD,WOL,0.25,6.4,0.0,0.0,FWD,WOL,1.0,6.4,0.0,0.0,158.0,4.0
655,Fábio Silva,FWD,WOL,0.0,5.0,0.0,0.0,FWD,WOL,0.0,4.9,0.0,0.0,FWD,WOL,1.0,4.9,0.0,0.0,FWD,WOL,1.0,4.9,0.0,0.0,0.0,0.0
656,Kalajdžić,FWD,WOL,0.0,5.0,0.0,0.0,FWD,WOL,0.0,5.0,0.0,0.0,FWD,WOL,1.0,4.9,14.0,1.0,FWD,WOL,1.0,4.9,0.0,0.0,14.0,1.0
657,Chiwome,FWD,WOL,1.0,4.5,0.0,0.0,FWD,WOL,1.0,4.5,0.0,0.0,FWD,WOL,1.0,4.5,0.0,0.0,FWD,WOL,1.0,4.5,0.0,0.0,0.0,0.0
658,Fraser,FWD,WOL,0.0,4.5,0.0,0.0,FWD,WOL,0.0,4.5,0.0,0.0,FWD,WOL,0.0,4.4,0.0,0.0,FWD,WOL,0.0,4.4,0.0,0.0,0.0,0.0
659,Walker-Peters,DEF,WHM,0.0,4.5,0.0,0.0,DEF,WHM,0.0,4.5,20.0,1.0,DEF,WHM,0.0,4.4,90.0,6.0,DEF,WHM,0.0,4.4,90.0,1.0,200.0,8.0
660,Stach,MID,LEE,0.0,5.0,90.0,8.0,MID,LEE,0.0,5.0,90.0,2.0,MID,LEE,0.0,5.0,90.0,3.0,MID,LEE,0.0,5.0,90.0,1.0,360.0,14.0
661,Ekitiké,FWD,LIV,0.0,8.6,71.0,11.0,FWD,LIV,0.0,8.7,79.0,9.0,FWD,LIV,0.0,8.7,78.0,2.0,FWD,LIV,0.0,8.8,71.0,2.0,299.0,24.0
662,Mosquera,DEF,ARS,0.0,5.5,0.0,0.0,DEF,ARS,0.0,5.4,26.0,1.0,DEF,ARS,0.0,5.4,85.0,2.0,DEF,ARS,0.0,5.4,90.0,7.0,201.0,10.0
663,J.Arias,MID,WOL,0.0,5.5,17.0,1.0,MID,WOL,0.0,5.4,55.0,1.0,MID,WOL,0.0,5.4,63.0,2.0,MID,WOL,0.0,5.3,24.0,1.0,159.0,5.0
664,Lecomte,GKP,FUL,0.0,4.0,0.0,0.0,GKP,FUL,0.0,4.0,0.0,0.0,GKP,FUL,0.0,4.0,0.0,0.0,GKP,FUL,0.0,4.0,0.0,0.0,0.0,0.0
665,Perri,GKP,LEE,0.0,4.5,90.0,6.0,GKP,LEE,0.0,4.5,90.0,0.0,GKP,LEE,0.0,4.5,90.0,6.0,GKP,LEE,1.0,4.5,0.0,0.0,270.0,12.0
666,Gyökeres,FWD,ARS,0.0,9.0,59.0,1.0,FWD,ARS,0.0,9.0,90.0,12.0,FWD,ARS,0.0,9.0,90.0,1.0,FWD,ARS,0.0,9.0,67.0,6.0,306.0,20.0
667,Aznou,DEF,EVE,0.0,4.5,0.0,0.0,DEF,EVE,0.0,4.4,0.0,0.0,DEF,EVE,0.75,4.4,0.0,0.0,DEF,EVE,0.0,4.4,0.0,0.0,0.0,0.0
668,Xhaka,MID,SUN,0.0,5.0,90.0,3.0,MID,SUN,0.0,5.0,90.0,4.0,MID,SUN,0.0,5.0,90.0,4.0,MID,SUN,0.0,5.0,90.0,5.0,360.0,16.0
669,Ndoye,MID,NOT,0.0,6.0,78.0,9.0,MID,NOT,0.0,6.0,70.0,7.0,MID,NOT,0.0,6.1,57.0,1.0,MID,NOT,0.0,6.1,90.0,2.0,295.0,19.0
670,Roefs,GKP,SUN,0.0,4.5,90.0,8.0,GKP,SUN,0.0,4.5,90.0,1.0,GKP,SUN,0.0,4.5,90.0,8.0,GKP,SUN,0.0,4.5,90.0,10.0,360.0,27.0
671,Wilson,FWD,WHM,0.0,6.0,19.0,1.0,FWD,WHM,0.0,5.9,45.0,1.0,FWD,WHM,0.0,5.9,26.0,7.0,FWD,WHM,0.0,5.9,22.0,1.0,112.0,10.0
672,Hato,DEF,CHE,0.0,5.0,0.0,0.0,DEF,CHE,0.0,4.9,21.0,0.0,DEF,CHE,0.0,4.9,0.0,0.0,DEF,CHE,0.0,4.8,45.0,0.0,66.0,0.0
673,J.Palhinha,MID,TOT,0.0,5.5,10.0,1.0,MID,TOT,0.0,5.5,90.0,11.0,MID,TOT,0.0,5.5,53.0,1.0,MID,TOT,0.0,5.5,90.0,3.0,243.0,16.0
674,Ramsdale,GKP,NEW,0.0,5.0,0.0,0.0,GKP,NEW,0.0,5.0,0.0,0.0,GKP,NEW,0.0,4.9,0.0,0.0,GKP,NEW,0.0,4.9,0.0,0.0,0.0,0.0
675,Gunn,GKP,NOT,0.0,4.0,0.0,0.0,GKP,NOT,0.0,4.0,0.0,0.0,GKP,NOT,0.0,4.0,0.0,0.0,GKP,NOT,0.0,4.0,0.0,0.0,0.0,0.0
676,Ugochukwu,MID,BUR,0.0,5.0,27.0,1.0,MID,BUR,0.0,5.0,68.0,3.0,MID,BUR,0.0,5.0,75.0,2.0,MID,BUR,1.0,5.0,83.0,-1.0,253.0,5.0
677,Guessand,MID,AST,0.0,6.5,0.0,0.0,MID,AST,0.0,6.5,15.0,1.0,MID,AST,0.0,6.4,45.0,1.0,MID,AST,0.0,6.4,45.0,1.0,105.0,3.0
678,Masuaku,DEF,SUN,0.0,4.0,0.0,0.0,DEF,SUN,0.0,4.0,0.0,0.0,DEF,SUN,0.0,4.0,0.0,0.0,DEF,SUN,0.0,4.0,0.0,0.0,0.0,0.0
679,Hermansen,GKP,WHM,0.0,4.5,90.0,1.0,GKP,WHM,0.0,4.5,90.0,0.0,GKP,WHM,0.0,4.5,90.0,7.0,GKP,WHM,0.0,4.5,90.0,1.0,360.0,9.0
680,Broja,FWD,BUR,0.0,5.5,0.0,0.0,FWD,BUR,0.25,5.5,0.0,0.0,FWD,BUR,0.0,5.4,0.0,0.0,FWD,BUR,0.0,5.4,1.0,1.0,1.0,1.0
681,Šeško,FWD,MUN,0.0,7.5,25.0,1.0,FWD,MUN,0.0,7.5,37.0,1.0,FWD,MUN,0.0,7.4,18.0,1.0,FWD,MUN,0.0,7.4,79.0,2.0,159.0,5.0
682,Møller Wolfe,DEF,WOL,0.0,4.5,71.0,1.0,DEF,WOL,0.0,4.5,45.0,1.0,DEF,WOL,0.0,4.5,15.0,4.0,DEF,WOL,0.0,4.5,0.0,0.0,131.0,6.0
683,Alderete,DEF,SUN,0.0,4.0,37.0,4.0,DEF,SUN,0.0,4.0,90.0,1.0,DEF,SUN,0.0,4.0,90.0,4.0,DEF,SUN,0.0,4.0,90.0,9.0,307.0,18.0
684,Thiaw,DEF,NEW,0.0,5.0,0.0,0.0,DEF,NEW,0.0,5.0,9.0,1.0,DEF,NEW,0.0,5.0,0.0,0.0,DEF,NEW,0.0,5.0,0.0,0.0,9.0,1.0
685,Diakité,DEF,BOU,0.0,4.5,90.0,0.0,DEF,BOU,0.0,4.5,90.0,10.0,DEF,BOU,0.0,4.5,90.0,6.0,DEF,BOU,0.5,4.5,0.0,0.0,270.0,16.0
686,Ngumoha,MID,LIV,0.0,4.5,0.0,0.0,MID,LIV,0.0,4.5,1.0,6.0,MID,LIV,0.0,4.5,0.0,0.0,MID,LIV,0.0,4.5,3.0,1.0,4.0,7.0
687,Rees-Dottin,MID,BOU,0.0,4.5,0.0,0.0,MID,BOU,0.0,4.5,0.0,0.0,MID,BOU,0.0,4.5,0.0,0.0,MID,BOU,0.0,4.5,0.0,0.0,0.0,0.0
688,Wright,GKP,AST,0.0,4.0,0.0,0.0,GKP,AST,0.0,4.0,0.0,0.0,GKP,AST,0.0,4.0,0.0,0.0,GKP,AST,0.0,4.0,0.0,0.0,0.0,0.0
689,Seung soo,MID,NEW,0.0,4.5,0.0,0.0,MID,NEW,0.0,4.5,0.0,0.0,MID,NEW,0.0,4.5,0.0,0.0,MID,NEW,0.0,4.5,0.0,0.0,0.0,0.0
690,Cardines,MID,CRY,0.0,4.5,0.0,0.0,MID,CRY,0.0,4.5,0.0,0.0,MID,CRY,0.0,4.5,0.0,0.0,MID,CRY,0.0,4.5,0.0,0.0,0.0,0.0
691,Calvert-Lewin,FWD,LEE,0.0,5.5,0.0,0.0,FWD,LEE,0.25,5.5,0.0,0.0,FWD,LEE,0.0,5.5,20.0,1.0,FWD,LEE,0.0,5.5,68.0,2.0,88.0,3.0
692,Leoni,DEF,LIV,0.0,5.0,0.0,0.0,DEF,LIV,0.0,5.0,0.0,0.0,DEF,LIV,0.0,5.0,0.0,0.0,DEF,LIV,0.0,5.0,0.0,0.0,0.0,0.0
693,Hutchinson,MID,NOT,0.0,5.5,0.0,0.0,MID,NOT,0.0,5.5,8.0,1.0,MID,NOT,0.0,5.5,1.0,1.0,MID,NOT,0.0,5.5,0.0,0.0,9.0,2.0
694,Mukiele,DEF,SUN,0.0,4.0,0.0,0.0,DEF,SUN,0.0,4.0,0.0,0.0,DEF,SUN,0.0,4.0,90.0,4.0,DEF,SUN,0.0,4.0,90.0,10.0,180.0,14.0
695,Tchatchoua,DEF,WOL,0.0,4.5,0.0,0.0,DEF,WOL,0.0,4.5,55.0,1.0,DEF,WOL,0.0,4.5,62.0,1.0,DEF,WOL,0.0,4.5,13.0,1.0,130.0,3.0
696,Kalimuendo,FWD,NOT,0.0,6.0,0.0,0.0,FWD,NOT,0.0,6.0,19.0,1.0,FWD,NOT,0.0,6.0,1.0,1.0,FWD,NOT,0.0,6.0,30.0,1.0,50.0,3.0
697,Adli,MID,BOU,0.0,0.0,0.0,0.0,MID,BOU,0.0,5.5,0.0,0.0,MID,BOU,0.0,5.5,26.0,1.0,MID,BOU,0.0,5.5,23.0,1.0,49.0,2.0
698,Okafor,MID,LEE,0.0,0.0,0.0,0.0,MID,LEE,0.0,5.5,0.0,0.0,MID,LEE,0.0,5.5,0.0,0.0,MID,LEE,0.0,5.5,67.0,2.0,67.0,2.0
699,Douglas Luiz,MID,NOT,0.0,0.0,0.0,0.0,MID,NOT,0.0,5.0,0.0,0.0,MID,NOT,0.0,5.0,0.0,0.0,MID,NOT,0.0,5.0,0.0,0.0,0.0,0.0
700,Dowman,MID,ARS,0.0,0.0,0.0,0.0,MID,ARS,0.0,4.5,0.0,0.0,MID,ARS,0.0,4.5,1.0,1.0,MID,ARS,0.0,4.5,0.0,0.0,1.0,1.0
701,Rowe,DEF,AST,0.0,0.0,0.0,0.0,DEF,AST,0.0,4.0,0.0,0.0,DEF,AST,0.0,4.0,0.0,0.0,DEF,AST,0.0,4.0,0.0,0.0,0.0,0.0
702,Burrowes,MID,AST,0.0,0.0,0.0,0.0,MID,AST,0.0,4.5,0.0,0.0,MID,AST,0.0,4.5,16.0,1.0,MID,AST,0.0,4.5,0.0,0.0,16.0,1.0
703,Proctor,GKP,AST,0.0,0.0,0.0,0.0,GKP,AST,0.0,4.0,0.0,0.0,GKP,AST,0.0,4.0,0.0,0.0,GKP,AST,0.0,4.0,0.0,0.0,0.0,0.0
704,Onyango,MID,EVE,0.0,0.0,0.0,0.0,MID,EVE,0.0,4.5,0.0,0.0,MID,EVE,1.0,4.5,0.0,0.0,MID,EVE,1.0,4.5,0.0,0.0,0.0,0.0
705,Campbell,DEF,EVE,0.0,0.0,0.0,0.0,DEF,EVE,0.0,4.0,0.0,0.0,DEF,EVE,0.0,4.0,0.0,0.0,DEF,EVE,0.0,4.0,0.0,0.0,0.0,0.0
706,Justin,DEF,LEE,0.0,0.0,0.0,0.0,DEF,LEE,0.0,4.0,0.0,0.0,DEF,LEE,0.0,4.0,10.0,1.0,DEF,LEE,0.0,4.0,0.0,0.0,10.0,1.0
707,Dibling,MID,EVE,0.0,0.0,0.0,0.0,MID,EVE,0.0,5.5,0.0,0.0,MID,EVE,0.0,5.5,0.0,0.0,MID,EVE,0.0,5.5,0.0,0.0,0.0,0.0
708,M.Fernandes,MID,WHM,0.0,0.0,0.0,0.0,MID,WHM,0.0,0.0,0.0,0.0,MID,WHM,0.0,5.5,0.0,0.0,MID,WHM,0.0,5.5,60.0,2.0,60.0,2.0
709,Krejčí,DEF,WOL,0.0,0.0,0.0,0.0,DEF,WOL,0.0,0.0,0.0,0.0,DEF,WOL,0.0,4.5,0.0,0.0,DEF,WOL,0.0,4.5,90.0,1.0,90.0,1.0
710,Patterson,DEF,AST,0.0,0.0,0.0,0.0,DEF,AST,0.0,0.0,0.0,0.0,DEF,AST,0.0,4.0,0.0,0.0,DEF,AST,0.0,4.0,0.0,0.0,0.0,0.0
711,Harriman-Annous,MID,ARS,0.0,0.0,0.0,0.0,MID,ARS,0.0,0.0,0.0,0.0,MID,ARS,0.0,4.5,0.0,0.0,MID,ARS,0.0,4.5,0.0,0.0,0.0,0.0
712,Yeremy,MID,CRY,0.0,0.0,0.0,0.0,MID,CRY,0.0,0.0,0.0,0.0,MID,CRY,0.25,6.0,0.0,0.0,MID,CRY,0.0,6.0,83.0,3.0,83.0,3.0
713,A.Jimenez,DEF,BOU,0.0,0.0,0.0,0.0,DEF,BOU,0.0,0.0,0.0,0.0,DEF,BOU,0.0,4.5,0.0,0.0,DEF,BOU,0.0,4.5,3.0,0.0,3.0,0.0
714,Woltemade,FWD,NEW,0.0,0.0,0.0,0.0,FWD,NEW,0.0,0.0,0.0,0.0,FWD,NEW,0.0,7.0,0.0,0.0,FWD,NEW,0.0,7.0,64.0,9.0,64.0,9.0
715,John,GKP,NOT,0.0,0.0,0.0,0.0,GKP,NOT,0.0,0.0,0.0,0.0,GKP,NOT,0.0,4.0,0.0,0.0,GKP,NOT,0.0,4.0,0.0,0.0,0.0,0.0
716,Savona,DEF,NOT,0.0,0.0,0.0,0.0,DEF,NOT,0.0,0.0,0.0,0.0,DEF,NOT,0.0,4.5,0.0,0.0,DEF,NOT,0.0,4.5,53.0,0.0,53.0,0.0
717,Xavi,MID,TOT,0.0,0.0,0.0,0.0,MID,TOT,0.0,0.0,0.0,0.0,MID,TOT,0.0,7.0,0.0,0.0,MID,TOT,0.0,7.0,70.0,6.0,70.0,6.0
718,S.Magassa,MID,WHM,0.0,0.0,0.0,0.0,MID,WHM,0.0,0.0,0.0,0.0,MID,WHM,0.0,5.0,0.0,0.0,MID,WHM,0.0,5.0,29.0,1.0,29.0,1.0
719,Lindelöf,DEF,AST,0.0,0.0,0.0,0.0,DEF,AST,0.0,0.0,0.0,0.0,DEF,AST,0.0,4.5,0.0,0.0,DEF,AST,0.0,4.5,7.0,1.0,7.0,1.0
720,Tolu,FWD,WOL,0.0,0.0,0.0,0.0,FWD,WOL,0.0,0.0,0.0,0.0,FWD,WOL,0.0,5.5,0.0,0.0,FWD,WOL,0.0,5.5,65.0,2.0,65.0,2.0
721,Milosavljević,DEF,BOU,0.0,0.0,0.0,0.0,DEF,BOU,0.0,0.0,0.0,0.0,DEF,BOU,0.0,4.5,0.0,0.0,DEF,BOU,0.0,4.5,90.0,4.0,90.0,4.0
722,Florentino,MID,BUR,0.0,0.0,0.0,0.0,MID,BUR,0.0,0.0,0.0,0.0,MID,BUR,0.0,5.0,0.0,0.0,MID,BUR,0.0,5.0,27.0,1.0,27.0,1.0
723,Canvot,DEF,CRY,0.0,0.0,0.0,0.0,DEF,CRY,0.0,0.0,0.0,0.0,DEF,CRY,0.0,4.5,0.0,0.0,DEF,CRY,0.0,4.5,0.0,0.0,0.0,0.0
724,Geertruida,DEF,SUN,0.0,0.0,0.0,0.0,DEF,SUN,0.0,0.0,0.0,0.0,DEF,SUN,0.0,4.5,0.0,0.0,DEF,SUN,0.0,4.5,6.0,1.0,6.0,1.0
725,Hincapie,DEF,ARS,0.0,0.0,0.0,0.0,DEF,ARS,0.0,0.0,0.0,0.0,DEF,ARS,0.0,5.5,0.0,0.0,DEF,ARS,0.0,5.5,0.0,0.0,0.0,0.0
726,Kolo Muani,FWD,TOT,0.0,0.0,0.0,0.0,FWD,TOT,0.0,0.0,0.0,0.0,FWD,TOT,0.0,7.0,0.0,0.0,FWD,TOT,0.0,7.0,0.0,0.0,0.0,0.0
727,Chukwueze,MID,FUL,0.0,0.0,0.0,0.0,MID,FUL,0.0,0.0,0.0,0.0,MID,FUL,0.0,5.5,0.0,0.0,MID,FUL,0.0,5.5,0.0,0.0,0.0,0.0
728,Röhl,MID,EVE,0.0,0.0,0.0,0.0,MID,EVE,0.0,0.0,0.0,0.0,MID,EVE,0.0,5.0,0.0,0.0,MID,EVE,0.0,5.0,24.0,1.0,24.0,1.0
729,Cuiabano,DEF,NOT,0.0,0.0,0.0,0.0,DEF,NOT,0.0,0.0,0.0,0.0,DEF,NOT,1.0,4.5,0.0,0.0,DEF,NOT,1.0,4.5,0.0,0.0,0.0,0.0
730,Brobbey,FWD,SUN,0.0,0.0,0.0,0.0,FWD,SUN,0.0,0.0,0.0,0.0,FWD,SUN,0.0,5.5,0.0,0.0,FWD,SUN,0.0,5.5,21.0,1.0,21.0,1.0
731,Kevin,MID,FUL,0.0,0.0,0.0,0.0,MID,FUL,0.0,0.0,0.0,0.0,MID,FUL,0.0,6.0,0.0,0.0,MID,FUL,0.0,6.0,14.0,1.0,14.0,1.0
732,Uche,FWD,CRY,0.0,0.0,0.0,0.0,FWD,CRY,0.0,0.0,0.0,0.0,FWD,CRY,0.0,5.5,0.0,0.0,FWD,CRY,0.0,5.5,6.0,1.0,6.0,1.0
733,Lammens,GKP,MUN,0.0,0.0,0.0,0.0,GKP,MUN,0.0,0.0,0.0,0.0,GKP,MUN,0.0,5.0,0.0,0.0,GKP,MUN,0.0,5.0,0.0,0.0,0.0,0.0
734,Bakwa,MID,NOT,0.0,0.0,0.0,0.0,MID,NOT,0.0,0.0,0.0,0.0,MID,NOT,0.0,6.0,0.0,0.0,MID,NOT,0.0,6.0,30.0,1.0,30.0,1.0
735,Traoré,MID,SUN,0.0,0.0,0.0,0.0,MID,SUN,0.0,0.0,0.0,0.0,MID,SUN,0.0,5.5,0.0,0.0,MID,SUN,0.0,5.5,0.0,0.0,0.0,0.0
736,Donnarumma,GKP,MCI,0.0,0.0,0.0,0.0,GKP,MCI,0.0,0.0,0.0,0.0,GKP,MCI,0.0,5.5,0.0,0.0,GKP,MCI,0.0,5.5,90.0,6.0,90.0,6.0
737,Kusi-Asare,FWD,FUL,0.0,0.0,0.0,0.0,FWD,FUL,0.0,0.0,0.0,0.0,FWD,FUL,0.0,0.0,0.0,0.0,FWD,FUL,0.0,4.5,0.0,0.0,0.0,0.0
738,Fabianski,GKP,WHM,0.0,0.0,0.0,0.0,GKP,WHM,0.0,0.0,0.0,0.0,GKP,WHM,0.0,0.0,0.0,0.0,GKP,WHM,0.0,4.5,0.0,0.0,0.0,0.0
739,Mukasa,MID,MCI,0.0,0.0,0.0,0.0,MID,MCI,0.0,0.0,0.0,0.0,MID,MCI,0.0,0.0,0.0,0.0,MID,MCI,0.0,4.5,0.0,0.0,0.0,0.0
740,Mfuni,DEF,MCI,0.0,0.0,0.0,0.0,DEF,MCI,0.0,0.0,0.0,0.0,DEF,MCI,0.0,0.0,0.0,0.0,DEF,MCI,0.0,4.0,0.0,0.0,0.0,0.0
